Condition_Year_Make_Model,Price
2025 Jeep Grand Cherokee Laredo X,"$39,580"
2025 Dodge Durango GT,"$40,090"
2025 Jeep Grand Cherokee Laredo X,"$40,175"
2025 Jeep Grand Cherokee Laredo X,
2025 Jeep Grand Cherokee Laredo X,
2025 Jeep Grand Cherokee Laredo X,
2025 Jeep Grand Cherokee Laredo X,
2025 Jeep Grand Cherokee Laredo X,
2025 Jeep Grand Cherokee Laredo X,
2025 Jeep Grand Cherokee Laredo X,
2025 Jeep Grand Cherokee L Laredo X,
2025 Jeep Grand Cherokee L Laredo X,
2025 Jeep Grand Cherokee L Laredo X,
2025 Jeep Grand Cherokee Laredo X,
2025 Jeep Grand Cherokee Laredo X,
2025 Jeep Grand Cherokee Laredo X,
2025 Jeep Grand Cherokee Laredo X,
2025 Jeep Grand Cherokee Laredo X,
2025 Jeep Grand Cherokee Laredo X,"$42,375"
2025 Dodge Durango GT,"$42,480"
2025 Dodge Durango GT,"$42,480"
2025 Dodge Durango GT,
2025 Dodge Durango GT,
2025 Ram 1500 Tradesman,
2025 Ram 1500 Tradesman,
2025 Chrysler Voyager LX,
2025 Chrysler Voyager LX,
2025 Chrysler Voyager LX,
2025 Jeep Grand Cherokee Laredo X,
2025 Jeep Grand Cherokee Laredo X,
2025 Jeep Gladiator Nighthawk,
2025 Jeep Gladiator Nighthawk,
2025 Jeep Gladiator Nighthawk,
2025 Jeep Gladiator Nighthawk,
2025 Jeep Gladiator Nighthawk,
2025 Jeep Gladiator Nighthawk,
2025 Jeep Gladiator Nighthawk,"$43,485"
2025 Dodge Durango GT,"$45,675"
2025 Jeep Grand Cherokee Altitude X,"$45,780"
2025 Jeep Wrangler Sport,
2025 Jeep Grand Cherokee Altitude X,
2025 Jeep Grand Cherokee Altitude X,
2025 Jeep Grand Cherokee Altitude X,
2025 Jeep Grand Cherokee Altitude X,
2025 Chrysler Pacifica Select,
2025 Jeep Gladiator Nighthawk,
2025 Jeep Gladiator Nighthawk,
2025 Jeep Gladiator Nighthawk,
2025 Jeep Gladiator Nighthawk,
2025 Jeep Grand Cherokee Limited,
2025 Jeep Wrangler Sport S,
2025 Jeep Grand Cherokee L Altitude X,
2025 Jeep Grand Cherokee L Altitude X,
2025 Jeep Grand Cherokee Limited,
2025 Jeep Grand Cherokee Altitude X,"$48,175"
2025 Jeep Grand Cherokee L Altitude X,"$48,175"
2025 Jeep Grand Cherokee L Altitude X,"$48,175"
2025 Jeep Grand Cherokee L Altitude X,
2025 Ram 1500 Big Horn,
2025 Jeep Grand Cherokee L Altitude X,
2025 Jeep Grand Cherokee Altitude X,
2025 Chrysler Voyager LX,
2025 Chrysler Voyager LX,
2025 Jeep Grand Cherokee L Limited,
2025 Jeep Grand Cherokee L Limited,
2025 Jeep Grand Cherokee L Limited,
2025 Jeep Grand Cherokee L Limited,
2025 Jeep Gladiator Willys,
2025 Jeep Gladiator Willys,
2025 Jeep Grand Cherokee Limited,
2025 Jeep Wrangler Sport S,
2025 Jeep Wrangler Sport S,
2025 Ram Promaster Cargo Van Tradesman,"$49,675"
2025 Jeep Gladiator Mojave,"$53,690"
2025 Jeep Grand Cherokee L Limited,"$52,020"
2025 Jeep Grand Cherokee L Limited,
2025 Jeep Wrangler Sport S,
2025 Jeep Wrangler Sport S,
2025 Jeep Grand Cherokee Limited,
2025 Jeep Grand Cherokee Limited,
2025 Jeep Grand Cherokee Limited,
2025 Ram 1500 Big Horn,
2025 Ram 1500 Big Horn,
2025 Ram 1500 Big Horn,
2025 Ram 1500 Big Horn,
2025 Ram 1500 Big Horn,
2025 Ram Promaster Cargo Van Tradesman,
2025 Ram Promaster Cargo Van Tradesman,
2025 Ram Promaster Cargo Van Tradesman,
2025 Ram Promaster Cargo Van Tradesman,
2025 Ram Promaster Cargo Van Tradesman,"$51,745"
2025 Dodge Durango R/T,"$53,680"
2025 Jeep Wrangler Sport S,"$52,540"
2025 Jeep Wrangler Sport S,
2025 Jeep Wrangler Sport S,
2025 Jeep Wrangler Sport S,
2025 Jeep Wrangler Willys,
2025 Jeep Grand Cherokee Limited,
2025 Dodge Charger Daytona R/T,
2025 Ram 1500 Big Horn,
2025 Jeep Grand Cherokee L Limited,
2025 Ram 1500 Big Horn,
2025 Jeep Grand Cherokee Limited,
2025 Jeep Grand Cherokee Limited,
2024 Ram Promaster Cargo Van Tradesman,
2025 Jeep Grand Cherokee Limited,
2025 Jeep Grand Cherokee Limited,
2025 Jeep Grand Cherokee Limited,
2025 Jeep Grand Cherokee L Limited,"$55,760"
2025 Jeep Grand Cherokee L Limited,"$55,760"
2025 Jeep Grand Cherokee L Limited,"$55,760"
2025 Ram Promaster Cargo Van Tradesman,
2025 Ram Promaster Cargo Van Tradesman,
2025 Ram Promaster Cargo Van Tradesman,
2025 Ram Promaster Cargo Van Tradesman,
2025 Jeep Wrangler 4xe Sport S,
2025 Dodge Charger Daytona R/T,
2025 Jeep Wrangler Sport S,
2025 Jeep Wrangler Sport S,
2024 Jeep Wrangler Sport S,
2025 Jeep Gladiator Willys,
2025 Jeep Wrangler Willys,
2025 Jeep Grand Cherokee L Limited,
2025 Jeep Grand Cherokee L Limited,
2025 Jeep Grand Cherokee L Limited,
2025 Ram 1500 Big Horn,
2025 Jeep Grand Cherokee L Limited,"$57,165"
2025 Jeep Gladiator Willys,"$49,885"
2025 Jeep Gladiator Willys,"$49,885"
2025 Jeep Gladiator Willys,
2025 Jeep Gladiator Willys,
2025 Jeep Grand Cherokee L Limited,
2025 Jeep Grand Cherokee L Limited,
2025 Jeep Grand Cherokee L Limited,
2025 Jeep Grand Cherokee L Limited,
2025 Jeep Grand Cherokee L Limited,
2025 Jeep Grand Cherokee L Limited,
2025 Jeep Grand Cherokee L Limited,
2025 Jeep Gladiator Mojave,
2025 Jeep Wrangler Willys,
2025 Jeep Wrangler Willys,
2024 Ram Promaster Cutaway Tradesman,
2024 Ram Promaster Cutaway Tradesman,
2025 Jeep Wrangler Willys,
2024 Ram Promaster Cutaway Tradesman,"$48,680"
2025 Jeep Wrangler Willys,"$57,950"
2025 Jeep Wrangler Sahara,"$59,015"
2025 Jeep Wrangler Willys,
2025 Ram 2500 Tradesman,
2025 Ram 2500 Tradesman,
2025 Jeep Wrangler Willys,
2025 Ram 2500 Tradesman,
2025 Ram 1500 Big Horn,
2025 Ram Promaster Cargo Van Tradesman,
2025 Ram 1500 Big Horn,
2025 Ram 1500 Big Horn,
2025 Jeep Wrangler Sahara,
2025 Chrysler Pacifica Hybrid Pinnacle,
2025 Ram 1500 Laramie,
2025 Ram 1500 Laramie,
2025 Jeep Wrangler Willys,
2025 Jeep Wrangler Willys,
2025 Ram Promaster Cargo Van Tradesman,"$51,745"
2025 Ram 2500 Tradesman,"$50,510"
2025 Jeep Gladiator Rubicon,"$57,010"
2025 Ram 2500 Tradesman,
2025 Ram 2500 Tradesman,
2025 Ram 2500 Tradesman,
2025 Ram 1500 Warlock,
2024 Ram 3500 Tradesman,
2025 Jeep Wrangler Sahara,
2025 Jeep Wrangler Sahara,
2025 Jeep Gladiator Rubicon,
2025 Jeep Gladiator Rubicon,
2025 Jeep Wrangler Sahara,
2024 Ram 2500 Tradesman,
2025 Ram 1500 Laramie,
2025 Ram 1500 Laramie,
2025 Ram 1500 Laramie,
2025 Ram 1500 Laramie,
2025 Ram 1500 Laramie,"$73,035"
2025 Jeep Wrangler 4xe Willys 41,"$70,105"
2025 Ram 1500 Laramie,"$73,115"
2024 Ram 2500 Tradesman,
2025 Ram 1500 Laramie,
2025 Jeep Wrangler 4xe Sahara,
2024 Ram 3500 Tradesman,
2024 Ram 3500 Tradesman,
2024 Ram 3500 Tradesman,
2024 Ram 3500 Tradesman,
2025 Ram 1500 Laramie,
2025 Ram 1500 Laramie,
2025 Ram 1500 Laramie,
2025 Ram 1500 Laramie,
2025 Ram 1500 Laramie,
2024 Ram 3500 Tradesman,
2025 Jeep Wrangler Rubicon,
2025 Jeep Grand Cherokee Summit Reserve,
2025 Jeep Wrangler Rubicon,"$68,885"
2025 Jeep Grand Cherokee Summit Reserve,"$71,225"
2025 Jeep Wrangler 4xe Backcountry,"$74,365"
2024 Ram 2500 Big Horn,
2025 Ram 2500 Big Horn,
2024 Ram 3500 Tradesman,
2024 Ram 3500 Tradesman,
2025 Ram 2500 Big Horn,
2025 Ram Promaster Cutaway Tradesman,
2025 Ram Promaster Cutaway Tradesman,
2025 Ram Promaster Cutaway Tradesman,
2025 Ram Promaster Cutaway Tradesman,
2025 Ram Promaster Cutaway Tradesman,
2025 Jeep Grand Cherokee L Summit Reserve,
2025 Jeep Grand Cherokee L Summit Reserve,
2025 Jeep Grand Cherokee L Summit Reserve,
2025 Jeep Grand Cherokee L Summit Reserve,
2024 Ram 3500 Tradesman,
2024 Ram 3500 Tradesman,"$79,090"
2024 Ram 3500 Tradesman,"$79,090"
2025 Ram 3500 Big Horn,"$66,635"
2025 Ram 3500 Big Horn,
2024 Ram 2500 Tradesman,
2025 Ram 3500 Big Horn,
2025 Ram 1500 Rebel,
2024 Ram 3500 Tradesman,
2025 Ram 2500 Tradesman,
2025 Ram 2500 Tradesman,
2025 Ram 2500 Tradesman,
2025 Ram 2500 Tradesman,
2025 Ram 2500 Tradesman,
2024 Ram 5500 Chassis Cab Tradesman,
2024 Ram 5500 Chassis Cab Tradesman,
2025 Ram 1500 Limited,
2024 Ram 2500 Laramie,
2024 Ram 2500 Laramie,
2024 Ram 2500 Laramie,"$84,810"
2025 Ram 1500 Limited,"$87,490"
2024 Ram Promaster Delivery Van BEV PROMASTER EV SUPER HIGH ROOF 159â WB EXT,"$89,285"
2025 Ram 1500 Longhorn,
2024 Ram 3500 Chassis Cab Tradesman,
2025 Ram 1500 Longhorn,
2024 Ram 4500 Chassis Cab SLT,
2025 Ram 1500 Limited,
2025 Ram 1500 Limited,
2024 Ram 5500 Chassis Cab Tradesman,
2025 Ram 4500 Chassis Cab Tradesman,
2025 Ram 1500 Limited,
2025 Ram 1500 Limited,
2025 Ram 1500 Limited,
2025 Ram 1500 Limited,
2025 Ram 1500 Limited,
2024 Ram 4500 Chassis Cab Tradesman,
2025 Ram 1500 Limited,
2025 Ram 1500 Limited,"$90,585"
2024 Ram 3500 Chassis Cab SLT,"$78,085"
2025 Ram 4500 Chassis Cab Tradesman,"$78,560"
2024 Ram 3500 Chassis Cab Tradesman,
2025 Ram 3500 Big Horn,
2025 Ram 3500 Big Horn,
2025 Ram 5500 Chassis Cab Tradesman,
2024 Ram 5500 Chassis Cab Tradesman,
2024 Ram 2500 Laramie,
2024 Ram 5500 Chassis Cab Tradesman,
2024 Ram 5500 Chassis Cab Tradesman,
2025 Ram 1500 Tungsten,
2024 Jeep Grand Wagoneer L Series II,
2025 Ram 1500 Tungsten,
2025 Ram 2500 Rebel,
2025 Ram 2500 Laramie,
2025 Ram 2500 Laramie,
2024 Ram 2500 Laramie,
2024 Jeep Grand Wagoneer Series III Obsidian,"$118,255"
2025 Jeep Grand Wagoneer Series II Obsidian,"$105,635"
2025 Jeep Wrangler Rubicon 392 Final Edition,"$106,580"
2025 Jeep Grand Cherokee Altitude X,
2025 Ram Promaster Cargo Van Tradesman,
2025 Ram Promaster Cargo Van Tradesman,
2025 Ram Promaster Cargo Van Tradesman,
2025 Ram ProMaster PROMASTER 1500 TRADESMAN CARGO VAN LOW ROOF 118' W,
2025 Ram ProMaster PROMASTER 1500 TRADESMAN CARGO VAN LOW ROOF 118' W,
2025 Ram ProMaster PROMASTER 1500 TRADESMAN CARGO VAN LOW ROOF 118' W,
2025 Ram Promaster Cargo Van Tradesman,
2025 Ram ProMaster PROMASTER 1500 TRADESMAN CARGO VAN LOW ROOF 118' W,
2025 Ram ProMaster PROMASTER 1500 TRADESMAN CARGO VAN LOW ROOF 118' W,
2025 Jeep Grand Cherokee L LIMITED 4X2,
2025 Ram 2500 Tradesman,
2025 Ram Promaster Cargo Van Tradesman,
2025 Ram ProMaster PROMASTER 1500 TRADESMAN CARGO VAN LOW ROOF 136' W,
2025 Ram ProMaster PROMASTER 1500 TRADESMAN CARGO VAN LOW ROOF 136' W,
2025 Ram ProMaster PROMASTER 1500 TRADESMAN CARGO VAN LOW ROOF 136' W,"$51,845"
2025 Ram ProMaster PROMASTER 1500 TRADESMAN CARGO VAN LOW ROOF 136' W,"$51,845"
2025 Ram ProMaster PROMASTER 1500 TRADESMAN CARGO VAN LOW ROOF 136' W,"$51,845"
2025 Ram ProMaster PROMASTER 1500 TRADESMAN CARGO VAN LOW ROOF 136' W,
2025 Ram ProMaster PROMASTER 1500 TRADESMAN CARGO VAN LOW ROOF 136' W,
2025 Ram ProMaster PROMASTER 1500 TRADESMAN CARGO VAN LOW ROOF 136' W,
2025 Ram Promaster Cargo Van Tradesman,
2025 Ram Promaster Cargo Van Tradesman,
2025 Ram Promaster Cargo Van Tradesman,
2025 Ram Promaster Cargo Van Tradesman,
2025 Ram ProMaster PROMASTER 1500 TRADESMAN CARGO VAN LOW ROOF 136' W,
2025 Jeep Grand Cherokee LIMITED 4X4,
2025 Ram 2500 Tradesman,
2025 Ram ProMaster PROMASTER 2500 TRADESMAN CARGO VAN HIGH ROOF 159',
2025 Ram ProMaster PROMASTER 2500 TRADESMAN CARGO VAN HIGH ROOF 159',
2025 Ram Promaster Cargo Van Tradesman,
2025 Jeep Grand Cherokee LIMITED 4X4,
2025 Jeep Wrangler 4xe 4-DOOR SPORT S,
2025 Jeep Wrangler 4xe 4-DOOR SPORT S,"$57,245"
2025 Ram 1500 BIG HORN QUAD CAB 4X4 6'4' BOX,"$57,340"
2025 Ram 1500 BIG HORN QUAD CAB 4X4 6'4' BOX,"$57,390"
2025 Jeep Gladiator RUBICON 4X4,
2025 Jeep Wrangler 4xe 4-DOOR SPORT S,
2025 Jeep Wrangler 4xe 4-DOOR SPORT S,
2025 Ram ProMaster PROMASTER 1500 TRADESMAN CARGO VAN HIGH ROOF 136',
2025 Ram Promaster Cargo Van Tradesman,
2025 Ram 3500 Chassis Cab 3500 TRADESMAN CREW CAB CHASSIS 4X4 60' CA,
2025 Ram 3500 Chassis Cab 3500 TRADESMAN CREW CAB CHASSIS 4X4 60' CA,
2025 Ram 3500 Chassis Cab 3500 TRADESMAN CREW CAB CHASSIS 4X4 60' CA,
2025 Ram 3500 Chassis Cab Tradesman,
2025 Jeep Wagoneer S LIMITED,
2025 Jeep Wagoneer S LIMITED,
2025 Jeep Wagoneer S LIMITED,
2025 Jeep Wagoneer S LIMITED,
2025 Jeep Wrangler Rubicon X,
2025 Ram ProMaster PROMASTER 3500 TRADESMAN CARGO VAN HIGH ROOF 159',
2025 Ram ProMaster PROMASTER 3500 TRADESMAN CARGO VAN HIGH ROOF 159',"$68,000"
2025 Ram ProMaster PROMASTER 3500 TRADESMAN CARGO VAN HIGH ROOF 159',"$68,000"
2025 Ram Promaster Cargo Van Tradesman,"$68,000"
2025 Ram 2500 TRADESMAN CREW CAB 4X4 8' BOX,
2025 Ram ProMaster PROMASTER 3500 TRADESMAN CARGO VAN HIGH ROOF 159',
2025 Ram ProMaster PROMASTER 3500 TRADESMAN CARGO VAN HIGH ROOF 159',
2025 Ram 2500 TRADESMAN CREW CAB 4X4 8' BOX,
2025 Ram 2500 TRADESMAN CREW CAB 4X4 8' BOX,
2025 Ram 2500 Tradesman,
2025 Jeep Wagoneer S LAUNCH EDITION,
2025 Ram 3500 Chassis Cab Tradesman,
2025 Jeep Wagoneer S LAUNCH EDITION,
2025 Ram 3500 Chassis Cab 3500 TRADESMAN CREW CAB CHASSIS 4X4 60' CA,
2025 Ram 4500 Chassis Cab 4500 TRADESMAN CHASSIS CREW CAB 4X4 60' CA,
2025 Ram 2500 Laramie,
2025 Dodge Charger 2-DOOR DAYTONA R/T AWD,
2025 Dodge Durango GT RWD,
2025 Jeep Grand Cherokee L OVERLAND 4X4,
2025 Jeep Wrangler 4xe 4-DOOR SPORT S,"$57,245"
2025 Jeep Wrangler 4xe 4-DOOR BACKCOUNTRY,"$74,365"
2025 Jeep Wrangler 4xe 4-DOOR BACKCOUNTRY,"$74,365"
2025 Ram 3500 LIMITED MEGA CAB 4X4 6'4 BOX,
2025 Chrysler Voyager,
2025 Dodge Durango R/T PLUS AWD,
2023 Ram 1500 Classic Tradesman,
2025 Dodge Durango GT Plus,
2024 Ram Promaster Cargo Van Tradesman,
2024 Ram 1500 Tradesman,
2025 Ram Promaster Cargo Van Tradesman,
2024 Ram Promaster Cargo Van Tradesman,
2025 Ram Promaster Cargo Van Tradesman,
2024 Ram 3500 Tradesman,
2025 Ram 1500 Tradesman,
2025 Ram 1500 Tradesman,
2024 Ram Promaster Cargo Van SLT,
2025 Ram 1500 Tradesman,
2025 Ram 1500 Tradesman,"$57,380"
2025 Ram 1500 Tradesman,"$57,430"
2025 Dodge Durango R/T Plus,"$57,780"
2025 Ram 1500 Warlock,
2024 Ram Promaster Cargo Van Tradesman,
2024 Ram 3500 Tradesman,
2024 Ram 3500 Tradesman,
2024 Ram 2500 Tradesman,
2023 Ram 2500 Tradesman,
2025 Ram 1500 Big Horn,
2025 Dodge Charger Daytona R/T,
2025 Ram 1500 Big Horn,
2025 Ram 1500 Big Horn,
2025 Ram 1500 Big Horn,
2023 Ram 2500 Tradesman,
2025 Dodge Charger Daytona R/T,
2024 Ram 3500 Chassis Cab Tradesman,
2025 Ram 1500 Big Horn,
2025 Ram 1500 Big Horn,"$64,860"
2025 Dodge Charger Daytona R/T,"$64,880"
2025 Ram 1500 Big Horn,"$64,910"
2025 Ram 1500 Big Horn,
2025 Ram 1500 Big Horn,
2024 Ram 2500 Tradesman,
2024 Ram 2500 Tradesman,
2025 Ram 1500 Big Horn,
2025 Ram 1500 Big Horn,
2024 Dodge Charger Daytona R/T,
2025 Ram 1500 Laramie,
2024 Ram 3500 Tradesman,
2025 Ram 1500 Big Horn,
2025 Ram 1500 Laramie,
2024 Ram 2500 Tradesman,
2025 Ram 1500 Rebel,
2025 Ram 1500 Laramie,
2025 Ram 1500 Laramie,
2025 Ram 1500 Laramie,"$75,035"
2025 Ram 1500 Laramie,"$75,390"
2025 Ram 1500 Laramie,"$75,540"
2025 Ram 1500 Laramie,
2025 Ram 1500 Laramie,
2024 Ram 5500 Chassis Cab Tradesman,
2025 Ram 1500 Rebel,
2025 Ram 1500 Rebel,
2025 Ram 1500 Laramie,
2025 Ram 1500 Rebel,
2024 Ram 5500 Chassis Cab Tradesman,
2025 Ram 1500 Rebel,
2025 Ram 1500 Rebel,
2024 Ram 5500 Chassis Cab Laramie,
2024 Ram 2500 Power Wagon,
2024 Ram 2500 Power Wagon,
2025 Ram 1500 Laramie,
2025 Ram 1500 Laramie,
2025 Ram 1500 Laramie,"$81,990"
2025 Ram 1500 Laramie,"$82,135"
2025 Dodge Charger Daytona Scat Pack,"$82,970"
2025 Ram 1500 RHO,
2025 Ram 2500 Laramie,
2025 Ram 2500 Laramie,
2025 Ram 1500 Limited,
2025 Ram 1500 Limited,
2025 Ram 1500 Tungsten,
2025 Ram 1500 Limited,
2025 Ram 1500 Limited,
2025 Ram 1500 Limited,
2025 Ram 1500 Limited,
2025 Ram 1500 Limited,
2025 Ram 1500 Limited,
2025 Ram 1500 Tungsten,
2025 Ram 1500 Tungsten,
2025 Ram 1500 Tungsten,
2025 Ram 1500 Tungsten,"$91,255"
2025 Ram 1500 Tungsten,"$91,255"
2025 Ram 1500 Tungsten,"$91,450"
2025 Ram 1500 Tungsten,
2025 Ram 1500 Big Horn,
2025 Ram 3500 Limited,
2025 Ram 2500 Limited,
2025 Ram 2500 Limited,
2025 Ram 1500 Big Horn,
2025 Jeep Compass Sport,
2025 Jeep Compass Sport,
2025 Jeep Compass Sport,
2025 Jeep Compass Sport,
2025 Jeep Compass Latitude,
2025 Jeep Compass Latitude,
2025 Jeep Compass Latitude,
2025 Jeep Compass Latitude,
2025 Jeep Compass Latitude,
2025 Jeep Compass Latitude,"$32,355"
2025 Jeep Compass Latitude,"$32,355"
2025 Jeep Compass Latitude,"$32,440"
2025 Jeep Compass Latitude,
2025 Jeep Compass Latitude,
2025 Jeep Compass Latitude,
2025 Jeep Compass Latitude,
2025 Jeep Compass Latitude,
2024 FIAT 500e,
2025 Jeep Grand Cherokee L Laredo,
2025 Chrysler Voyager LX,
2025 Jeep Grand Cherokee Laredo,
2025 Jeep Grand Cherokee Laredo,
2025 Jeep Grand Cherokee Laredo X,
2025 Jeep Grand Cherokee L Laredo X,
2025 Jeep Grand Cherokee Laredo X,
2025 Jeep Wrangler Sport S,
2025 Jeep Grand Cherokee L Laredo X,
2025 Jeep Grand Cherokee Altitude X,"$47,000"
2025 Jeep Gladiator Nighthawk,"$47,330"
2025 Jeep Wrangler Sport,"$47,440"
2025 Jeep Grand Cherokee Altitude X,
2025 Jeep Gladiator Sport S,
2025 Chrysler Pacifica Select,
2025 Chrysler Pacifica Select,
2025 Jeep Grand Cherokee Altitude X,
2025 Jeep Grand Cherokee Altitude X,
2025 Jeep Grand Cherokee L Altitude X,
2025 Jeep Grand Cherokee Altitude X,
2025 Jeep Grand Cherokee Altitude X,
2025 Jeep Grand Cherokee Altitude X,
2025 Jeep Grand Cherokee Altitude X,
2025 Jeep Grand Cherokee Altitude X,
2025 Jeep Grand Cherokee Altitude X,
2025 Jeep Wrangler Sport S,
2025 Jeep Grand Cherokee L Altitude X,
2025 Jeep Gladiator Sport S,"$49,645"
2025 Jeep Gladiator Sport S,"$49,645"
2025 Jeep Grand Cherokee L Limited,"$49,695"
2025 Jeep Grand Cherokee L Limited,
2025 Jeep Grand Cherokee L Altitude X,
2025 Jeep Grand Cherokee L Altitude X,
2025 Jeep Grand Cherokee L Altitude X,
2025 Jeep Grand Cherokee Limited,
2025 Jeep Wrangler Sport S,
2025 Jeep Wrangler Sport S,
2025 Jeep Gladiator Willys,
2025 Jeep Gladiator Willys,
2025 Jeep Wrangler Sport S,
2025 Jeep Wrangler Sport S,
2025 Jeep Grand Cherokee Limited,
2025 Jeep Grand Cherokee Limited,
2025 Jeep Grand Cherokee L Limited,
2025 Jeep Grand Cherokee Limited,
2025 Jeep Grand Cherokee L Limited,"$55,830"
2025 Jeep Grand Cherokee Limited,"$55,860"
2025 Jeep Wrangler Sport S,"$56,135"
2025 Jeep Grand Cherokee Limited,
2025 Jeep Grand Cherokee Limited,
2025 Jeep Grand Cherokee Limited,
2025 Jeep Grand Cherokee L Limited,
2025 Jeep Wrangler Sahara,
2025 Jeep Grand Cherokee L Limited,
2025 Jeep Grand Cherokee L Limited,
2025 Jeep Grand Cherokee L Limited,
2025 Jeep Grand Cherokee L Limited,
2025 Jeep Grand Cherokee L Limited,
2025 Jeep Grand Cherokee L Limited,
2025 Jeep Grand Cherokee L Limited,
2025 Jeep Wrangler 4xe Sport S,
2025 Jeep Grand Cherokee L Limited,
2025 Jeep Grand Cherokee L Limited,
2025 Jeep Grand Cherokee L Limited,"$58,555"
2025 Jeep Grand Cherokee L Limited,"$58,555"
2025 Jeep Grand Cherokee L Limited,"$58,555"
2025 Jeep Grand Cherokee L Limited,
2025 Jeep Grand Cherokee L Limited,
2024 Jeep Wrangler Sahara,
2025 Chrysler Pacifica Hybrid Select,
2025 Jeep Wrangler Willys,
2025 Jeep Wrangler Rubicon,
2025 Jeep Wrangler Sport S,
2024 Jeep Wrangler Sahara,
2025 Jeep Gladiator Sport S,
2025 Jeep Gladiator Rubicon,
2025 Jeep Wrangler Rubicon,
2025 Jeep Wrangler 4xe Sahara,
2025 Jeep Gladiator Mojave X,
2025 Jeep Wagoneer S Limited,
2025 Jeep Wagoneer S Limited,
2025 Jeep Wagoneer,"$69,710"
2025 Jeep Wrangler Rubicon,"$70,195"
2025 Jeep Grand Cherokee,"$70,630"
2024 Jeep Wagoneer S Launch Edition,
2025 Jeep Wrangler Rubicon,
2025 Jeep Wrangler Rubicon X,
2025 Jeep Wrangler Rubicon,
2024 Jeep Wagoneer,
2025 Jeep Wrangler Rubicon X,
2024 Jeep Grand Wagoneer L Series II,
2025 Jeep Compass Sport,
2024 Dodge Hornet GT,
2025 Jeep Grand Cherokee Laredo X,
2025 Jeep Grand Cherokee Laredo X,
2025 Jeep Grand Cherokee L Laredo X,
2025 Chrysler Voyager LX,
2025 Dodge Durango GT,
2025 Jeep Grand Cherokee L Laredo X,
2025 Jeep Gladiator Nighthawk,"$42,945"
2025 Chrysler Voyager LX,"$43,114"
2024 Dodge Hornet R/T,"$44,590"
2025 Jeep Grand Cherokee Limited,
2024 Dodge Hornet R/T,
2025 Jeep Wrangler Sport,
2025 Jeep Gladiator Nighthawk,
2025 Jeep Gladiator Nighthawk,
2025 Jeep Gladiator Nighthawk,
2025 Dodge Durango GT,
2025 Jeep Wrangler Sport S,
2025 Jeep Wrangler Sport S,
2025 Chrysler Pacifica Select,
2025 Dodge Durango GT,
2025 Jeep Gladiator Nighthawk,
2024 Dodge Hornet R/T,
2024 Jeep Grand Cherokee Altitude X,
2024 Ram Promaster Cutaway Tradesman,
2024 Jeep Grand Cherokee Altitude X,"$47,175"
2024 Jeep Grand Cherokee Altitude X,"$47,175"
2025 Jeep Grand Cherokee L Altitude X,"$47,580"
2025 Jeep Grand Cherokee Limited,
2024 Jeep Grand Cherokee Altitude X,
2025 Jeep Grand Cherokee L Altitude X,
2025 Jeep Grand Cherokee L Altitude X,
2024 Jeep Grand Cherokee L Altitude X,
2024 Jeep Grand Cherokee L Altitude X,
2025 Jeep Wrangler Sport S,
2025 Jeep Grand Cherokee Limited,
2025 Jeep Grand Cherokee L Limited,
2025 Jeep Grand Cherokee Limited,
2025 Jeep Grand Cherokee L Limited,
2025 Jeep Grand Cherokee Limited,
2025 Ram Promaster Cargo Van Tradesman,
2025 Ram Promaster Cargo Van Tradesman,
2024 Ram Promaster Cutaway SLT,
2024 Ram Promaster Cutaway SLT,"$51,335"
2024 Ram Promaster Cutaway SLT,"$51,335"
2024 Ram Promaster Cutaway SLT,"$51,335"
2025 Jeep Grand Cherokee L Limited,
2024 Ram 2500 Tradesman,
2024 Ram 2500 Tradesman,
2024 Ram 2500 Tradesman,
2025 Jeep Grand Cherokee L Limited,
2025 Jeep Wrangler Sport S,
2025 Jeep Grand Cherokee Limited,
2025 Jeep Wrangler Sport S,
2025 Jeep Grand Cherokee Limited,
2025 Jeep Grand Cherokee L Limited,
2025 Ram Promaster Cargo Van Tradesman,
2025 Jeep Wrangler Willys,
2025 Jeep Wrangler Willys,
2025 Jeep Wrangler Sport S,
2025 Jeep Wrangler Sport S,
2025 Jeep Grand Cherokee Limited,"$54,865"
2025 Jeep Grand Cherokee L Limited,"$54,865"
2024 Ram 2500 Tradesman,"$54,945"
2024 Ram 2500 Tradesman,
2025 Jeep Grand Cherokee Limited,
2025 Jeep Grand Cherokee Limited,
2025 Ram 1500 Big Horn,
2025 Jeep Grand Cherokee Limited,
2025 Ram 1500 Big Horn,
2025 Jeep Grand Cherokee L Limited,
2025 Ram 1500 Big Horn,
2025 Ram 1500 Big Horn,
2025 Jeep Grand Cherokee Limited,
2025 Jeep Grand Cherokee Limited,
2025 Jeep Grand Cherokee Limited,
2025 Jeep Grand Cherokee L Limited,
2025 Jeep Grand Cherokee L Limited,
2025 Jeep Grand Cherokee L Limited,
2024 Ram 2500 Tradesman,"$57,880"
2024 Ram Promaster Cargo Van Tradesman,"$58,005"
2025 Dodge Durango R/T Plus,"$58,175"
2024 Ram 2500 Tradesman,
2024 Ram 2500 Tradesman,
2024 Ram 2500 Tradesman,
2024 Ram 2500 Tradesman,
2024 Ram 2500 Tradesman,
2024 Ram Promaster Cargo Van SLT,
2025 Jeep Wrangler Willys,
2025 Jeep Wrangler Willys,
2025 Jeep Wrangler Willys,
2024 Jeep Wrangler Sport S,
2025 Ram 1500 Big Horn,
2025 Ram 1500 Big Horn,
2025 Ram 2500 Big Horn,
2025 Jeep Wrangler Sahara,
2025 Ram 2500 Big Horn,
2025 Ram 2500 Big Horn,"$64,865"
2025 Dodge Charger Daytona R/T,"$64,880"
2025 Ram 1500 Big Horn,"$65,219"
2025 Jeep Wrangler Sahara,
2023 Jeep Gladiator Rubicon,
2025 Jeep Wrangler Sahara,
2025 Ram 3500 Big Horn,
2025 Ram 3500 Big Horn,
2024 Ram 3500 Chassis Cab Tradesman,
2024 Ram 2500 Tradesman,
2025 Ram 1500 Rebel,
2025 Jeep Grand Cherokee L Summit Reserve,
2025 Jeep Grand Cherokee L Summit Reserve,
2025 Ram 1500 Rebel,
2025 Ram 1500 Rebel,
2025 Ram 1500 Rebel,
2025 Ram 1500 Laramie,
2025 Ram 1500 Laramie,
2025 Ram 1500 Laramie,"$73,165"
2025 Ram 1500 Laramie,"$73,665"
2024 Ram 3500 Tradesman,"$73,710"
2025 Ram 1500 Laramie,
2025 Ram 1500 Rebel,
2025 Ram 1500 Rebel,
2025 Ram 1500 Rebel,
2025 Ram 1500 Laramie,
2024 Ram 2500 Big Horn,
2024 Ram 2500 Big Horn,
2025 Ram 1500 Laramie,
2025 Ram 2500 Big Horn,
2025 Ram 2500 Big Horn,
2024 Ram 3500 Tradesman,
2025 Ram 1500 Laramie,
2025 Ram 1500 Laramie,
2024 Ram 2500 Big Horn,
2025 Ram 1500 Laramie,
2025 Ram 3500 Big Horn,"$77,905"
2024 Ram 5500 Chassis Cab Tradesman,"$78,675"
2024 Ram 5500 Chassis Cab Tradesman,"$79,235"
2024 Jeep Grand Cherokee 4xe Overland,
2024 Ram 3500 Chassis Cab Laramie,
2025 Ram 1500 Limited,
2024 Jeep Wagoneer L Series II Carbide,
2025 Ram 2500 Laramie,
2025 Ram 2500 Laramie,
2025 Ram 1500 Limited,
2025 Ram 1500 Limited,
2025 Ram 1500 Limited,
2025 Ram 1500 Limited,
2025 Ram 1500 Limited,
2025 Ram 1500 Longhorn,
2025 Ram 1500 Tungsten,
2025 Ram 2500 Laramie,
2025 Ram 1500 Limited,
2024 Ram Promaster Delivery Van BEV,"$89,530"
2025 Ram 1500 Limited,"$89,540"
2025 Ram 1500 Tungsten,"$89,710"
2024 Ram Promaster Delivery Van BEV,
2025 Ram 1500 Limited,
2025 Ram 1500 Limited,
2024 Ram 3500 Longhorn,
2025 Ram 1500 Limited,
2025 Ram 1500 Tungsten,
2025 Ram 2500 Laramie,
2025 Ram 3500 Laramie,
2025 Ram 2500 Limited,
2025 Ram 2500 Limited,
2024 Ram 3500 Limited,
2025 Ram 3500 Limited,
2024 Jeep Wrangler Rubicon 392 Final Edition,
2025 Jeep Compass Latitude,
2025 Jeep Compass Latitude,
2025 Jeep Compass Latitude,"$30,165"
2025 Jeep Compass Latitude,"$30,360"
2025 Jeep Compass Latitude,"$30,360"
2025 Jeep Compass Latitude,
2025 Jeep Compass Latitude,
2025 Jeep Compass Latitude,
2025 Jeep Compass Latitude,
2025 Jeep Compass Latitude,
2025 Jeep Grand Cherokee Laredo X,
2023 Dodge Hornet GT Plus,
2023 Dodge Hornet GT Plus,
2024 Chrysler Voyager LX,
2025 Jeep Grand Cherokee Laredo X,
2025 Jeep Grand Cherokee Laredo X,
2025 Jeep Grand Cherokee Laredo X,
2025 Dodge Durango GT,
2025 Jeep Grand Cherokee L Laredo,
2025 Jeep Grand Cherokee Laredo X,
2025 Chrysler Voyager LX,"$41,690"
2025 Chrysler Voyager LX,"$41,690"
2025 Jeep Grand Cherokee Laredo X,"$41,970"
2025 Jeep Grand Cherokee Laredo X,
2025 Jeep Grand Cherokee Laredo X,
2025 Jeep Gladiator Nighthawk,
2025 Jeep Wrangler Sport S,
2025 Jeep Gladiator Nighthawk,
2025 Jeep Gladiator Nighthawk,
2025 Chrysler Pacifica Select,
2025 Jeep Wrangler Sport S,
2025 Jeep Gladiator Nighthawk,
2025 Jeep Gladiator Nighthawk,
2025 Ram 1500 Tradesman,
2025 Jeep Grand Cherokee Altitude X,
2025 Dodge Durango GT,
2025 Jeep Grand Cherokee Altitude X,
2025 Ram 1500 Tradesman,
2024 Ram Promaster Cutaway Tradesman,"$46,895"
2024 Jeep Wrangler Sport S,"$47,540"
2025 Jeep Grand Cherokee Limited,"$48,020"
2025 Ram Promaster Cargo Van Tradesman,
2025 Ram Promaster Cargo Van Tradesman,
2024 Ram Promaster Cargo Van Tradesman,
2025 Jeep Wrangler Willys,
2025 Jeep Wrangler Willys,
2025 Jeep Grand Cherokee Limited,
2024 Jeep Grand Cherokee L Altitude X,
2025 Jeep Grand Cherokee Limited,
2025 Jeep Grand Cherokee L Limited,
2025 Jeep Grand Cherokee L 4DR 4WD,
2024 Ram Promaster Cutaway Tradesman,
2024 Ram Promaster Cutaway Tradesman,
2025 Jeep Grand Cherokee Limited,
2025 Ram 2500 Tradesman,
2025 Jeep Grand Cherokee Limited,
2025 Jeep Grand Cherokee L Limited,"$50,020"
2025 Jeep Grand Cherokee L Limited,"$50,020"
2025 Jeep Grand Cherokee Limited,"$50,140"
2024 Ram 1500 Classic Tradesman,
2025 Jeep Grand Cherokee Limited,
2025 Ram Promaster Cargo Van Tradesman,
2025 Ram Promaster Cargo Van Tradesman,
2025 Ram Promaster Cargo Van Tradesman,
2025 Ram Promaster Cargo Van Tradesman,
2025 Ram Promaster Cargo Van Tradesman,
2025 Ram Promaster Cargo Van Tradesman,
2025 Ram Promaster Cargo Van Tradesman,
2025 Ram Promaster Cargo Van Tradesman,
2025 Ram Promaster Cargo Van Tradesman,
2025 Ram Promaster Cargo Van Tradesman,
2025 Ram Promaster Cargo Van Tradesman,
2025 Ram Promaster Cargo Van Tradesman,
2025 Ram Promaster Cargo Van Tradesman,
2025 Ram Promaster Cargo Van Tradesman,"$51,940"
2025 Ram Promaster Cargo Van Tradesman,"$51,940"
2025 Ram Promaster Cargo Van Tradesman,"$51,940"
2025 Ram Promaster Cargo Van Tradesman,
2025 Ram Promaster Cargo Van Tradesman,
2025 Ram Promaster Cargo Van Tradesman,
2025 Ram Promaster Cargo Van Tradesman,
2025 Jeep Wrangler Sport S,
2025 Jeep Grand Cherokee Limited,
2025 Ram 1500 Tradesman,
2025 Ram 1500 Tradesman,
2025 Ram 1500 Tradesman,
2025 Ram 1500 Big Horn,
2025 Ram 1500 Big Horn,
2025 Ram Promaster Cargo Van Tradesman,
2025 Jeep Wrangler Sport S,
2025 Jeep Wrangler Sport S,
2025 Ram Promaster Cargo Van Tradesman,
2025 Jeep Grand Cherokee Limited,"$53,660"
2025 Jeep Grand Cherokee Limited,"$53,660"
2025 Ram Promaster Cargo Van Tradesman,"$53,730"
2025 Ram 1500 Tradesman,
2024 Ram 2500 Tradesman,
2025 Jeep Wrangler Sport S,
2025 Jeep Wrangler Sport S,
2025 Jeep Wrangler Sport S,
2025 Ram Promaster Cargo Van Tradesman,
2025 Ram Promaster Cargo Van Tradesman,
2025 Ram Promaster Cargo Van Tradesman,
2025 Jeep Grand Cherokee Limited,
2025 Jeep Wrangler Willys,
2024 Ram 2500 Tradesman,
2025 Ram Promaster Cargo Van Tradesman,
2025 Ram 1500 Big Horn,
2025 Ram 1500 Big Horn,
2025 Ram 1500 Big Horn,
2025 Ram 1500 Big Horn,"$55,390"
2025 Ram Promaster Cargo Van Tradesman,"$55,640"
2025 Ram Promaster Cargo Van Tradesman,"$55,640"
2025 Ram Promaster Cargo Van Tradesman,
2025 Ram Promaster Cargo Van Tradesman,
2025 Ram Promaster Cargo Van Tradesman,
2025 Ram Promaster Cargo Van Tradesman,
2025 Ram Promaster Cargo Van Tradesman,
2025 Ram Promaster Cargo Van Tradesman,
2025 Ram Promaster Cargo Van Tradesman,
2025 Ram Promaster Cargo Van Tradesman,
2025 Ram Promaster Cargo Van Tradesman,
2025 Ram Promaster Cargo Van Tradesman,
2025 Ram Promaster Cargo Van Tradesman,
2025 Ram Promaster Cargo Van Tradesman,
2025 Ram Promaster Cargo Van Tradesman,
2025 Ram Promaster Cargo Van Tradesman,
2025 Jeep Grand Cherokee Limited,
2025 Jeep Grand Cherokee Limited,"$55,660"
2025 Jeep Grand Cherokee L Limited,"$55,760"
2025 Ram Promaster Cargo Van Tradesman,"$56,235"
2025 Ram Promaster Cargo Van Tradesman,
2025 Ram Promaster Cargo Van Tradesman,
2025 Ram Promaster Cargo Van Tradesman,
2025 Ram Promaster Cargo Van Tradesman,
2025 Ram 1500 Lone Star,
2025 Ram 1500 Lone Star,
2025 Ram Promaster Cargo Van SLT,
2025 Ram Promaster Cargo Van SLT,
2025 Jeep Wrangler Willys,
2025 Ram 1500 Big Horn,
2025 Jeep Wrangler Willys,
2024 Ram 2500 Tradesman,
2025 Jeep Grand Cherokee L Limited,
2025 Jeep Wrangler Willys,
2025 Ram 1500 Big Horn,
2025 Ram 1500 Big Horn,"$59,385"
2023 Jeep Wrangler 4xe 4xe,"$59,445"
2023 Jeep Wrangler 4xe 4xe,"$59,445"
2025 Jeep Wrangler Sahara,
2025 Jeep Wrangler Sahara,
2025 Ram 1500 Big Horn,
2025 Ram 1500 Big Horn,
2025 Ram 1500 Big Horn,
2025 Jeep Wrangler Sahara,
2025 Jeep Gladiator Mojave,
2025 Ram 1500 Big Horn,
2025 Jeep Wrangler Sahara,
2025 Dodge Durango R/T Plus,
2024 Ram 2500 Tradesman,
2025 Ram 2500 Big Horn,
2025 Jeep Wrangler Sahara,
2025 Jeep Wrangler Sahara,
2025 Jeep Wrangler Sahara,
2025 Jeep Wrangler Sahara,"$65,230"
2024 Jeep Wagoneer,"$65,240"
2023 Jeep Wrangler 4xe Rubicon,"$65,265"
2025 Ram 1500 Rebel,
2025 Ram 1500 Rebel,
2025 Ram 1500 Laramie,
2025 Ram 1500 Laramie,
2024 Ram 3500 Chassis Cab Tradesman,
2025 Jeep Wrangler Rubicon,
2023 Jeep Grand Cherokee 4xe Trailhawk,
2025 Ram 1500 Laramie,
2025 Jeep Grand Cherokee Summit Reserve,
2024 Ram 3500 Chassis Cab Tradesman,
2024 Jeep Wrangler 4xe Rubicon,
2025 Ram 1500 Laramie,
2025 Ram 1500 Laramie,
2025 Ram 1500 Laramie,
2025 Jeep Grand Cherokee L Summit Reserve,
2025 Ram 1500 Laramie,"$72,850"
2025 Ram 1500 Laramie,"$72,850"
2025 Ram 1500 Laramie,"$73,155"
2025 Jeep Grand Cherokee L Summit Reserve,
2025 Jeep Grand Cherokee L Summit Reserve,
2024 Ram 3500 Chassis Cab Tradesman,
2025 Ram 1500 Laramie,
2025 Ram 1500 Laramie,
2025 Ram 1500 Rebel,
2025 Ram 2500 Big Horn,
2024 Ram 5500 Chassis Cab Tradesman,
2025 Ram 2500 Big Horn,
2025 Jeep Wagoneer Series II Carbide,
2025 Ram 1500 Limited,
2024 Dodge Charger Daytona Scat Pack,
2024 Ram 3500 Tradesman,
2025 Ram 1500 Longhorn,
2025 Ram 1500 Longhorn,
2025 Ram 1500 RHO,"$87,860"
2025 Ram 3500 Laramie,"$88,735"
2025 Ram 1500 Limited,"$88,890"
2025 Ram 1500 Longhorn,
2025 Ram 1500 Longhorn,
2025 Ram 1500 Longhorn,
2024 Ram Promaster Delivery Van BEV 3500 SUPER HI RF 159,
2025 Ram 3500 Laramie,
2025 Ram 1500 Longhorn,
2024 Ram 3500 Chassis Cab Laramie,
2025 Ram 1500 Limited,
2025 Ram 1500 Limited,
2025 Ram 1500 Limited,
2025 Ram 1500 Limited,
2025 Ram 1500 Limited,
2025 Ram 1500 Limited,
2025 Ram 2500 Laramie,
2025 Ram 1500 Limited,
2025 Ram 3500 Laramie,"$90,500"
2025 Ram 1500 Limited,"$90,585"
2025 Ram 1500 Tungsten,"$91,350"
2025 Ram 1500 Tungsten,
2025 Ram 1500 Tungsten,
2023 Jeep Grand Wagoneer,
2025 Ram 3500 Laramie,
2025 Ram 2500 Rebel,
2025 Ram 3500 Laramie,
2025 Jeep Compass Latitude,
2025 Jeep Wrangler Sport,
2025 Jeep Wrangler Sport,
2025 Jeep Wrangler Sport,
2025 Jeep Wrangler Sport,
2025 Jeep Wrangler Sport,
2023 Chrysler Voyager LX,
2024 Dodge Hornet GT Plus,
2025 Jeep Grand Cherokee L Laredo X,
2025 Jeep Grand Cherokee Laredo X,"$41,575"
2025 Jeep Grand Cherokee Laredo X,"$41,575"
2024 Dodge Hornet R/T,"$45,085"
2025 Jeep Grand Cherokee L Laredo X,
2025 Jeep Gladiator Nighthawk,
2025 Jeep Gladiator Nighthawk,
2025 Jeep Grand Cherokee Laredo X,
2025 Jeep Grand Cherokee Laredo X,
2025 Jeep Grand Cherokee Laredo X,
2025 Chrysler Voyager LX,
2025 Jeep Gladiator Nighthawk,
2025 Jeep Gladiator Nighthawk,
2023 Chrysler Pacifica Touring L,
2025 Jeep Grand Cherokee L Laredo X,
2025 Jeep Grand Cherokee L Laredo X,
2025 Jeep Grand Cherokee Altitude X,
2025 Jeep Gladiator Nighthawk,
2025 Jeep Gladiator Nighthawk,
2025 Jeep Gladiator Nighthawk,"$45,180"
2025 Jeep Gladiator Nighthawk,"$45,480"
2025 Jeep Grand Cherokee L Altitude X,"$47,580"
2025 Jeep Grand Cherokee Altitude X,
2025 Jeep Grand Cherokee Altitude X,
2025 Ram 1500 Tradesman,
2025 Jeep Wrangler Sport S,
2025 Jeep Grand Cherokee L Altitude X,
2025 Jeep Grand Cherokee Limited,
2025 Jeep Grand Cherokee Limited,
2024 Jeep Wrangler Sahara,
2025 Jeep Grand Cherokee L Altitude X,
2024 Ram 1500 Big Horn,
2025 Jeep Grand Cherokee L Limited,
2025 Jeep Grand Cherokee Limited,
2025 Jeep Grand Cherokee Limited,
2025 Jeep Grand Cherokee L Altitude X,
2025 Jeep Grand Cherokee L Limited,
2025 Jeep Grand Cherokee L Limited,"$50,020"
2025 Ram 1500 Big Horn,"$52,705"
2025 Jeep Wrangler Sport S,"$51,245"
2025 Jeep Grand Cherokee Limited,
2025 Ram 1500 Tradesman,
2025 Jeep Wrangler Sport S,
2024 Ram Promaster Cargo Van Tradesman,
2024 Ram 1500 Big Horn,
2024 Ram 3500 Tradesman,
2025 Jeep Wrangler Sport S,
2025 Jeep Grand Cherokee Limited,
2025 Jeep Gladiator Nighthawk,
2025 Jeep Grand Cherokee Limited,
2025 Jeep Wrangler Sport S,
2025 Jeep Wrangler Sport S,
2025 Jeep Grand Cherokee Limited,
2025 Jeep Grand Cherokee Limited,
2025 Ram 1500 Big Horn,
2025 Ram 1500 Big Horn,"$53,655"
2023 Ram 2500 Tradesman,"$55,700"
2025 Jeep Grand Cherokee L Limited,"$55,560"
2025 Jeep Wrangler Willys,
2025 Jeep Grand Cherokee L Limited,
2025 Ram 1500 Big Horn,
2023 Jeep Grand Cherokee Limited,
2025 Jeep Grand Cherokee L Limited,
2025 Jeep Grand Cherokee L Limited,
2025 Jeep Wrangler Willys,
2025 Ram 1500 Big Horn,
2023 Ram 2500 Tradesman,
2025 Jeep Grand Cherokee Limited,
2025 Jeep Grand Cherokee Limited,
2025 Ram 1500 Big Horn,
2025 Ram 1500 Big Horn,
2025 Ram 1500 Big Horn,
2025 Ram 1500 Big Horn,
2025 Jeep Grand Cherokee L Limited,"$57,560"
2025 Jeep Grand Cherokee L Limited,"$57,560"
2025 Jeep Grand Cherokee L Limited,"$57,560"
2025 Ram 1500 Big Horn,
2025 Ram 1500 Big Horn,
2025 Jeep Wrangler Willys,
2025 Jeep Wrangler Willys,
2023 Ram 2500 Tradesman,
2025 Jeep Wrangler Sahara,
2024 Ram Promaster Cargo Van SLT+,
2023 Ram Promaster Cargo Van High Roof,
2023 Ram Promaster Cargo Van High Roof,
2023 Ram Promaster Cargo Van High Roof,
2023 Ram Promaster Cargo Van High Roof,
2023 Ram Promaster Cargo Van High Roof,
2023 Ram Promaster Cargo Van High Roof,
2023 Ram Promaster Cargo Van High Roof,
2023 Ram Promaster Cargo Van High Roof,
2023 Ram Promaster Cargo Van High Roof,"$58,825"
2023 Ram Promaster Cargo Van High Roof,"$58,825"
2023 Ram Promaster Cargo Van High Roof,"$58,875"
2023 Ram Promaster Cargo Van High Roof,
2023 Ram Promaster Cargo Van High Roof,
2023 Ram Promaster Cargo Van High Roof,
2023 Ram Promaster Cargo Van High Roof,
2023 Ram 2500 Tradesman,
2025 Ram 1500 Big Horn,
2023 Ram Promaster Cargo Van High Roof,
2023 Ram Promaster Cargo Van High Roof,
2025 Dodge Charger Daytona R/T,
2025 Ram 1500 Big Horn,
2025 Dodge Charger Daytona R/T,
2025 Ram 1500 Big Horn,
2024 Ram 2500 Tradesman,
2024 Ram 3500 Tradesman,
2025 Dodge Durango R/T 20th Anniversary Plus,
2025 Jeep Wrangler Sahara,"$65,300"
2025 Jeep Wrangler Sahara,"$65,400"
2025 Jeep Wrangler Sport S,"$52,540"
2025 Ram 2500 Tradesman,
2025 Ram 2500 Tradesman,
2025 Ram 1500 Rebel,
2025 Ram 1500 Rebel,
2024 Jeep Wagoneer,
2025 Ram 1500 Big Horn,
2025 Jeep Wagoneer S Limited,
2025 Jeep Wagoneer S Limited,
2025 Jeep Wagoneer S Limited,
2025 Ram 1500 Rebel,
2025 Jeep Grand Cherokee Summit,
2025 Jeep Wrangler Willys,
2025 Jeep Wrangler Rubicon,
2025 Jeep Wrangler Rubicon,
2025 Jeep Grand Cherokee L Summit Reserve,
2025 Jeep Grand Cherokee L Summit Reserve,"$72,630"
2025 Jeep Grand Cherokee L Summit Reserve,"$72,630"
2025 Ram 1500 Laramie,"$73,065"
2025 Ram 1500 Rebel,
2025 Ram 3500 Tradesman,
2025 Ram 3500 Tradesman,
2025 Ram 1500 Rebel,
2025 Jeep Grand Cherokee L Summit,
2025 Jeep Wagoneer S Launch Edition,
2025 Jeep Grand Cherokee L Summit,
2025 Ram 1500 Laramie,
2025 Ram 1500 Laramie,
2025 Ram 1500 Laramie,
2025 Ram 1500 Laramie,
2025 Ram 1500 Laramie,
2025 Ram 2500 Big Horn,
2025 Ram 1500 Laramie,
2024 Jeep Wagoneer Series II Carbide,
2025 Ram 1500 Rebel,"$75,065"
2025 Ram 1500 Rebel,"$76,705"
2024 Jeep Wrangler 4xe Rubicon X,"$85,820"
2025 Ram 1500 Laramie,
2023 Ram 3500 Big Horn,
2025 Ram 1500 Longhorn,
2025 Ram 1500 Limited,
2025 Ram 2500 Laramie,
2025 Ram 2500 Laramie,
2025 Ram 1500 Limited,
2025 Ram 1500 Limited,
2025 Ram 1500 Limited,
2025 Ram 1500 Limited,
2025 Ram 1500 Tungsten,
2025 Ram 1500 Tungsten,
2025 Ram 1500 Tungsten,
2025 Ram 1500 Tungsten,
2025 Ram 2500 Rebel,
2025 Ram 2500 Laramie,"$93,690"
2025 Jeep Wrangler Rubicon 392 Final Edition,"$106,580"
2024 Jeep Grand Wagoneer Series II Obsidian,"$107,730"
2022 Jeep Wrangler Unlimited Sahara Altitude,
2025 Jeep Compass Latitude,
2025 Jeep Compass Latitude,
2025 Jeep Wrangler Sport,
2025 Jeep Wrangler Sport,
2025 Jeep Wrangler Sport,
2025 Jeep Wrangler Sport,
2025 Jeep Grand Cherokee Laredo X,
2025 Jeep Grand Cherokee Laredo X,
2025 Jeep Grand Cherokee Laredo X,
2025 Chrysler Voyager LX,
2025 Chrysler Voyager LX,
2025 Jeep Grand Cherokee L Laredo X,
2025 Jeep Wrangler Sport,
2025 Dodge Durango GT,
2025 Jeep Grand Cherokee Laredo X,"$42,170"
2025 Jeep Grand Cherokee Laredo X,"$42,170"
2025 Jeep Grand Cherokee Laredo X,"$43,575"
2025 Jeep Gladiator Nighthawk,
2025 Jeep Gladiator Nighthawk,
2025 Jeep Gladiator Nighthawk,
2025 Jeep Gladiator Nighthawk,
2025 Jeep Gladiator Nighthawk,
2025 Ram 1500 Tradesman,
2025 Jeep Gladiator Nighthawk,
2025 Jeep Grand Cherokee L Laredo X,
2025 Chrysler Pacifica Select,
2025 Chrysler Pacifica Select,
2025 Dodge Durango GT,
2025 Jeep Gladiator Nighthawk,
2025 Jeep Gladiator Nighthawk,
2025 Jeep Gladiator Nighthawk,
2025 Jeep Gladiator Nighthawk,
2025 Jeep Gladiator Nighthawk,"$46,035"
2025 Jeep Gladiator Nighthawk,"$46,035"
2025 Jeep Grand Cherokee Altitude X,"$46,175"
2025 Ram 1500 Tradesman,
2025 Jeep Grand Cherokee L Limited,
2025 Jeep Grand Cherokee L Limited,
2025 Jeep Grand Cherokee L Limited,
2025 Jeep Grand Cherokee L Limited,
2025 Jeep Grand Cherokee L Altitude X,
2024 Jeep Wrangler Sport S,
2025 Jeep Wrangler Sport S,
2025 Jeep Wrangler Sport S,
2025 Jeep Wrangler Sport S,
2025 Jeep Wrangler Sport S,
2025 Jeep Wrangler Sport S,
2025 Ram 1500 Big Horn,
2025 Jeep Wrangler Sport S,
2025 Jeep Grand Cherokee Limited,
2025 Jeep Wrangler Sport S,"$53,445"
2025 Jeep Wrangler Sport S,"$53,445"
2025 Jeep Grand Cherokee Limited,"$53,460"
2025 Jeep Grand Cherokee Limited,
2025 Jeep Grand Cherokee Limited,
2024 Ram Promaster Cargo Van Tradesman,
2025 Jeep Wrangler Sport S,
2025 Jeep Wrangler Sport S,
2025 Jeep Wrangler Sport S,
2025 Jeep Wrangler Willys,
2024 Jeep Wrangler Sport,
2025 Jeep Wrangler Willys,
2025 Jeep Grand Cherokee Limited,
2025 Jeep Grand Cherokee Limited,
2025 Jeep Wrangler Willys,
2025 Jeep Grand Cherokee Limited,
2025 Jeep Grand Cherokee Limited,
2025 Jeep Gladiator Rubicon,
2025 Jeep Wrangler Sport S,"$57,035"
2025 Jeep Wrangler Sport S,"$57,035"
2025 Jeep Grand Cherokee L Limited,"$57,560"
2025 Jeep Grand Cherokee L Limited,
2025 Dodge Durango R/T Plus,
2024 Ram 2500 Tradesman,
2025 Jeep Wrangler Willys,
2025 Dodge Charger Daytona R/T,
2025 Jeep Wrangler Sahara,
2025 Ram 1500 Big Horn,
2025 Jeep Gladiator Mojave,
2025 Jeep Wrangler Sahara,
2025 Jeep Wrangler Sahara,
2025 Ram 1500 Big Horn,
2025 Jeep Wrangler 4xe Willys,
2025 Ram 2500 Tradesman,
2025 Ram 1500 Rebel,
2025 Ram 1500 Rebel,
2025 Jeep Wagoneer S Limited,"$67,590"
2025 Ram 1500 Laramie,"$68,025"
2024 Ram 2500 Tradesman,"$68,975"
2024 Ram 2500 Tradesman,
2025 Jeep Wrangler Rubicon,
2025 Jeep Wrangler Rubicon,
2025 Jeep Grand Cherokee L Summit Reserve,
2024 Ram 2500 Tradesman,
2025 Ram 1500 Laramie,
2025 Jeep Grand Cherokee L Summit,
2025 Ram 1500 Laramie,
2025 Ram 1500 Laramie,
2025 Ram 2500 Big Horn,
2025 Ram 2500 Big Horn,
2025 Jeep Wagoneer Series II Carbide,
2025 Ram 3500 Big Horn,
2025 Jeep Wagoneer L Series III,
2025 Ram 1500 Longhorn,
2025 Ram 1500 Limited,"$88,695"
2025 Ram 2500 Rebel,"$89,605"
2025 Ram 2500 Laramie,"$90,315"
2025 Ram 3500 Laramie,
2025 Ram 1500 Tungsten,
2025 Ram 1500 Tungsten,
2025 Ram 3500 Laramie,
2025 Ram 3500 Laramie,
2025 Ram 3500 Laramie,
