Condition/Year/make/model,Price
2025 Jeep Compass Latitude,"$30,360"
2025 Jeep Compass Latitude,"$30,360"
2025 Jeep Compass Latitude,"$30,360"
2025 Jeep Grand Cherokee Laredo X,
2025 Jeep Grand Cherokee Laredo X,
2025 Jeep Grand Cherokee Laredo X,
2025 Jeep Grand Cherokee Laredo X,
2025 Jeep Grand Cherokee Laredo X,
2025 Jeep Grand Cherokee Laredo X,
2025 Jeep Grand Cherokee Laredo X,
2025 Jeep Wrangler Sport,
2025 Jeep Wrangler Sport,
2025 Ram 1500 Tradesman,
2025 Ram 1500 Tradesman,
2025 Jeep Grand Cherokee Laredo X,
2025 Jeep Grand Cherokee Laredo X,
2025 Jeep Grand Cherokee Laredo X,
2025 Chrysler Voyager LX,
2025 Jeep Grand Cherokee Laredo X,"$41,780"
2025 Dodge Durango GT,"$42,085"
2025 Dodge Durango GT,"$42,085"
2025 Jeep Grand Cherokee L Laredo X,
2025 Jeep Grand Cherokee L Laredo X,
2025 Jeep Grand Cherokee Laredo X,
2025 Jeep Grand Cherokee Laredo X,
2025 Jeep Grand Cherokee Laredo X,
2025 Chrysler Voyager LX,
2025 Jeep Grand Cherokee L Laredo X,
2025 Jeep Grand Cherokee L Laredo X,
2025 Jeep Grand Cherokee L Laredo X,
2025 Jeep Grand Cherokee L Laredo X,
2025 Jeep Grand Cherokee Laredo X,
2025 Jeep Grand Cherokee Laredo X,
2025 Jeep Grand Cherokee Laredo X,
2025 Jeep Grand Cherokee Laredo X,
2025 Jeep Grand Cherokee Laredo X,
2025 Dodge Durango GT,"$42,480"
2025 Dodge Durango GT,"$42,480"
2025 Dodge Durango GT,"$42,480"
2025 Dodge Durango GT,
2025 Dodge Durango GT,
2025 Jeep Grand Cherokee Laredo X,
2025 Jeep Wrangler Sport,
2025 Jeep Grand Cherokee Laredo X,
2025 Jeep Gladiator Nighthawk,
2025 Jeep Grand Cherokee Laredo X,
2025 Chrysler Pacifica Select,
2025 Jeep Gladiator Nighthawk,
2025 Jeep Gladiator Nighthawk,
2025 Jeep Gladiator Nighthawk,
2025 Jeep Gladiator Nighthawk,
2025 Jeep Gladiator Nighthawk,
2025 Jeep Gladiator Nighthawk,
2025 Jeep Gladiator Nighthawk,
2025 Jeep Wrangler Sport,"$44,345"
2025 Jeep Wrangler Sport,"$44,345"
2025 Dodge Durango GT,"$45,675"
2025 Chrysler Pacifica Select,
2025 Jeep Grand Cherokee Altitude X,
2025 Jeep Grand Cherokee Altitude X,
2025 Chrysler Pacifica Select,
2025 Jeep Grand Cherokee Altitude X,
2025 Jeep Grand Cherokee Altitude X,
2025 Jeep Grand Cherokee Altitude X,
2025 Jeep Grand Cherokee Altitude X,
2025 Jeep Gladiator Nighthawk,
2025 Jeep Gladiator Nighthawk,
2025 Jeep Gladiator Nighthawk,
2025 Jeep Wrangler Sport S,
2025 Jeep Gladiator Nighthawk,
2025 Ram 1500 Big Horn,
2025 Jeep Grand Cherokee Limited,
2025 Chrysler Voyager LX,"$41,690"
2025 Jeep Grand Cherokee L Altitude X,"$47,780"
2025 Jeep Grand Cherokee L Altitude X,"$47,780"
2025 Jeep Grand Cherokee Limited,
2025 Jeep Grand Cherokee Altitude X,
2025 Jeep Grand Cherokee L Altitude X,
2025 Jeep Grand Cherokee L Altitude X,
2025 Jeep Grand Cherokee L Altitude X,
2025 Jeep Grand Cherokee L Altitude X,
2025 Jeep Gladiator Willys,
2025 Jeep Grand Cherokee Altitude X,
2025 Jeep Gladiator Willys,
2025 Ram Promaster Cargo Van Tradesman,
2025 Jeep Gladiator Mojave,
2025 Jeep Grand Cherokee L Limited,
2025 Jeep Wrangler Sport S,
2025 Jeep Wrangler Sport S,
2025 Jeep Grand Cherokee Limited,
2025 Jeep Wrangler Sport S,"$50,340"
2025 Ram 1500 Big Horn,"$59,845"
2025 Ram 1500 Big Horn,"$59,845"
2025 Ram 1500 Big Horn,
2025 Jeep Wrangler Sport S,
2025 Ram 1500 Big Horn,
2025 Ram 1500 Big Horn,
2025 Ram Promaster Cargo Van Tradesman,
2025 Ram Promaster Cargo Van Tradesman,
2025 Ram Promaster Cargo Van Tradesman,
2025 Ram Promaster Cargo Van Tradesman,
2025 Ram Promaster Cargo Van Tradesman,
2025 Ram Promaster Cargo Van Tradesman,
2025 Jeep Grand Cherokee L Limited,
2025 Jeep Grand Cherokee L Limited,
2025 Jeep Grand Cherokee Limited,
2025 Jeep Grand Cherokee Limited,
2025 Jeep Grand Cherokee Limited,
2025 Jeep Grand Cherokee Limited,"$52,735"
2025 Dodge Durango R/T,"$53,680"
2025 Jeep Wrangler Sport S,"$52,540"
2025 Jeep Wrangler Sport S,
2025 Jeep Wrangler Sport S,
2025 Jeep Wrangler Sport S,
2025 Jeep Wrangler Sport S,
2025 Jeep Wrangler Willys,
2025 Ram 1500 Big Horn,
2025 Jeep Gladiator Nighthawk,
2025 Ram Promaster Cargo Van Tradesman,
2025 Ram Promaster Cargo Van Tradesman,
2025 Ram Promaster Cargo Van Tradesman,
2025 Ram Promaster Cargo Van Tradesman,
2025 Dodge Charger Daytona R/T,
2024 Jeep Wrangler Sport S,
2025 Ram 1500 Big Horn,
2025 Jeep Grand Cherokee Limited,
2025 Jeep Grand Cherokee Limited,"$55,065"
2025 Jeep Gladiator Willys,"$49,290"
2025 Jeep Grand Cherokee Limited,"$55,460"
2025 Jeep Grand Cherokee Limited,
2025 Jeep Wrangler Sport S,
2025 Jeep Wrangler Sport S,
2025 Ram 1500 Big Horn,
2025 Jeep Grand Cherokee Limited,
2025 Jeep Grand Cherokee Limited,
2025 Jeep Grand Cherokee Limited,
2025 Jeep Grand Cherokee Limited,
2025 Jeep Grand Cherokee Limited,
2025 Jeep Grand Cherokee L Limited,
2025 Jeep Grand Cherokee L Limited,
2025 Jeep Gladiator Willys,
2025 Jeep Gladiator Willys,
2025 Jeep Gladiator Willys,
2025 Jeep Gladiator Willys,
2025 Jeep Wrangler Willys,"$55,175"
2025 Jeep Gladiator Mojave,"$60,395"
2025 Ram 2500 Tradesman,"$50,510"
2025 Jeep Grand Cherokee L Limited,
2025 Jeep Grand Cherokee L Limited,
2025 Jeep Grand Cherokee L Limited,
2025 Jeep Grand Cherokee L Limited,
2025 Jeep Grand Cherokee L Limited,
2025 Jeep Grand Cherokee L Limited,
2025 Jeep Grand Cherokee L Limited,
2025 Jeep Grand Cherokee L Limited,
2025 Jeep Wrangler Willys,
2025 Jeep Wrangler Willys,
2025 Jeep Wrangler Willys,
2025 Jeep Wrangler Willys,
2025 Ram 1500 Rebel,
2025 Jeep Wrangler Willys,
2025 Ram 1500 Rebel,
2025 Ram 1500 Rebel,"$66,585"
2025 Ram 2500 Tradesman,"$53,535"
2025 Jeep Wrangler Sahara,"$59,015"
2025 Ram 2500 Tradesman,
2025 Ram 2500 Tradesman,
2025 Jeep Wrangler Willys,
2025 Ram 1500 Big Horn,
2025 Ram 1500 Big Horn,
2025 Ram Promaster Cargo Van Tradesman,
2025 Ram 1500 Big Horn,
2025 Ram 1500 Big Horn,
2025 Ram 1500 Big Horn,
2025 Jeep Wrangler Willys,
2025 Ram 1500 Laramie,
2025 Jeep Wagoneer S Limited,
2025 Ram 1500 Laramie,
2025 Chrysler Pacifica Hybrid Pinnacle,
2025 Jeep Wrangler Sahara,
2025 Chrysler Pacifica Hybrid Pinnacle,"$61,975"
2025 Jeep Wrangler Willys,"$61,265"
2025 Jeep Wrangler Willys,"$61,365"
2025 Jeep Wrangler Willys,
2025 Ram 2500 Tradesman,
2025 Ram 2500 Tradesman,
2025 Ram 2500 Tradesman,
2024 Ram 3500 Tradesman,
2025 Jeep Gladiator Rubicon,
2025 Jeep Gladiator Rubicon,
2024 Ram 2500 Tradesman,
2025 Jeep Wrangler Sahara,
2025 Jeep Wrangler Sahara,
2025 Ram 1500 Rebel,
2025 Jeep Wrangler Sahara,
2025 Ram 1500 Laramie,
2025 Ram 1500 Laramie,
2025 Ram 1500 Laramie,
2025 Jeep Wrangler 4xe Willys 41,"$70,105"
2025 Ram 1500 Laramie,"$73,115"
2025 Ram 1500 Laramie,"$73,115"
2024 Ram 2500 Tradesman,
2025 Ram 1500 Laramie,
2025 Jeep Wrangler 4xe Sahara,
2024 Ram 3500 Tradesman,
2024 Ram 3500 Tradesman,
2025 Jeep Wagoneer S Launch Edition,
2024 Ram 3500 Tradesman,
2024 Ram Promaster Cutaway Tradesman,
2024 Ram Promaster Cutaway Tradesman,
2024 Ram 3500 Tradesman,
2024 Ram Promaster Cutaway Tradesman,
2024 Ram 3500 Tradesman,
2025 Ram 1500 Laramie,
2025 Ram 1500 Laramie,
2025 Ram 1500 Laramie,
2025 Ram 1500 Laramie,"$75,705"
2025 Ram 1500 Laramie,"$75,755"
2025 Ram 1500 Laramie,"$75,755"
2025 Ram 1500 Laramie,
2024 Ram 3500 Tradesman,
2025 Jeep Wrangler Rubicon,
2024 Ram 2500 Big Horn,
2025 Ram 2500 Big Horn,
2024 Ram 3500 Tradesman,
2024 Ram 3500 Tradesman,
2025 Jeep Grand Cherokee Summit Reserve,
2024 Jeep Gladiator Mojave,
2025 Jeep Grand Cherokee Summit Reserve,
2025 Ram Promaster Cutaway Tradesman,
2025 Ram Promaster Cutaway Tradesman,
2025 Ram Promaster Cutaway Tradesman,
2025 Ram Promaster Cutaway Tradesman,
2025 Ram Promaster Cutaway Tradesman,
2025 Jeep Grand Cherokee Summit Reserve,"$71,425"
2024 Ram 3500 Tradesman,"$79,090"
2024 Ram 3500 Tradesman,"$79,090"
2024 Ram 3500 Tradesman,
2024 Ram 3500 Tradesman,
2024 Ram 3500 Tradesman,
2025 Ram 3500 Big Horn,
2025 Ram 3500 Big Horn,
2024 Ram 2500 Tradesman,
2025 Jeep Grand Cherokee L Summit Reserve,
2025 Ram 3500 Big Horn,
2025 Ram 1500 Rebel,
2025 Jeep Grand Cherokee L Summit Reserve,
2025 Jeep Grand Cherokee L Summit Reserve,
2025 Jeep Grand Cherokee L Summit Reserve,
2025 Jeep Grand Cherokee L Summit Reserve,
2025 Jeep Grand Cherokee L Summit Reserve,
2024 Ram 5500 Chassis Cab Tradesman,
2024 Ram 3500 Tradesman,"$79,090"
2025 Ram 2500 Tradesman,"$70,285"
2025 Ram 2500 Tradesman,"$70,525"
2024 Ram 5500 Chassis Cab Tradesman,
2024 Ram 5500 Chassis Cab Tradesman,
2024 Ram 5500 Chassis Cab Tradesman,
2025 Ram 1500 Limited,
2024 Ram 2500 Laramie,
2024 Ram 2500 Laramie,
2024 Ram 2500 Laramie,
2025 Ram 1500 Limited,
2024 Ram Promaster Delivery Van BEV PROMASTER EV SUPER HIGH ROOF 159â WB EXT,
2025 Ram 1500 Longhorn,
2024 Ram 3500 Chassis Cab Tradesman,
2025 Ram 1500 Longhorn,
2024 Ram 4500 Chassis Cab SLT,
2025 Ram 1500 Limited,
2024 Ram 5500 Chassis Cab Tradesman,
2025 Ram 1500 Limited,"$89,425"
2024 Ram 5500 Chassis Cab Tradesman,"$78,250"
2025 Ram 1500 Limited,"$90,035"
2025 Ram 1500 Limited,
2025 Ram 1500 Limited,
2025 Ram 1500 Limited,
2025 Ram 1500 Limited,
2024 Ram 4500 Chassis Cab Tradesman,
2025 Ram 1500 Limited,
2025 Ram 1500 Limited,
2024 Ram 3500 Chassis Cab SLT,
2024 Ram 2500 Rebel,
2024 Ram 3500 Chassis Cab Tradesman,
2025 Ram 3500 Big Horn,
2025 Ram 3500 Big Horn,
2024 Ram 3500 Laramie,
2024 Ram 2500 Laramie,
2024 Ram 2500 Laramie,
2024 Ram 5500 Chassis Cab Tradesman,"$78,250"
2025 Ram 2500 Rebel,"$87,365"
2025 Ram 2500 Laramie,"$88,930"
2025 Ram 2500 Laramie,
2024 Ram 2500 Laramie,
2024 Jeep Grand Wagoneer Series II Obsidian,
2024 Jeep Grand Wagoneer L Series II,
2025 Jeep Grand Wagoneer Series II Obsidian,
2025 Jeep Wrangler Rubicon 392 Final Edition,
2025 Jeep Grand Cherokee L Limited,
2025 Ram 1500 Big Horn,
2025 Ram Promaster Cargo Van Tradesman,
2025 Ram Promaster Cargo Van Tradesman,
2025 Jeep Grand Cherokee L Limited,
2025 Jeep Grand Cherokee L LIMITED 4X2,
2025 Ram 2500 Tradesman,
2025 Ram Promaster Cargo Van Tradesman,
2025 Jeep Grand Cherokee L Limited,
2025 Jeep Grand Cherokee L Limited,"$57,760"
2025 Jeep Grand Cherokee L Limited,"$57,760"
2025 Ram ProMaster PROMASTER 1500 TRADESMAN CARGO VAN LOW ROOF 136' W,"$51,845"
2025 Ram ProMaster PROMASTER 1500 TRADESMAN CARGO VAN LOW ROOF 136' W,
2025 Ram ProMaster PROMASTER 1500 TRADESMAN CARGO VAN LOW ROOF 136' W,
2025 Ram ProMaster PROMASTER 1500 TRADESMAN CARGO VAN LOW ROOF 136' W,
2025 Ram ProMaster PROMASTER 1500 TRADESMAN CARGO VAN LOW ROOF 136' W,
2025 Ram ProMaster PROMASTER 1500 TRADESMAN CARGO VAN LOW ROOF 136' W,
2025 Ram ProMaster PROMASTER 1500 TRADESMAN CARGO VAN LOW ROOF 136' W,
2025 Ram ProMaster PROMASTER 1500 TRADESMAN CARGO VAN LOW ROOF 136' W,
2025 Ram Promaster Cargo Van Tradesman,
2025 Ram Promaster Cargo Van Tradesman,
2025 Ram Promaster Cargo Van Tradesman,
2025 Ram 2500 Tradesman,
2025 Ram 2500 Tradesman,
2025 Ram ProMaster PROMASTER 2500 TRADESMAN CARGO VAN HIGH ROOF 159',
2025 Ram ProMaster PROMASTER 2500 TRADESMAN CARGO VAN HIGH ROOF 159',
2025 Ram Promaster Cargo Van Tradesman,
2025 Ram Promaster Cargo Van Tradesman,"$54,340"
2025 Jeep Gladiator Rubicon,"$57,010"
2025 Ram 1500 WARLOCK CREW CAB 4X4 5'7 BOX,"$57,140"
2025 Ram 1500 Laramie,
2025 Ram 3500 Chassis Cab 3500 TRADESMAN CREW CAB CHASSIS 4X4 60' CA,
2025 Ram ProMaster PROMASTER 1500 TRADESMAN CARGO VAN HIGH ROOF 136',
2025 Ram Promaster Cargo Van Tradesman,
2025 Ram 1500 BIG HORN CREW CAB 4X4 5'7 BOX,
2025 Ram 3500 Chassis Cab 3500 TRADESMAN CREW CAB CHASSIS 4X4 60' CA,
2025 Ram 3500 Chassis Cab Tradesman,
2025 Ram 2500 BIG HORN CREW CAB 4X4 6'4 BOX,
2025 Jeep Wagoneer S LIMITED,
2025 Jeep Wagoneer S LIMITED,
2025 Jeep Wagoneer S LIMITED,
2025 Jeep Wagoneer S LIMITED,
2025 Ram ProMaster PROMASTER 3500 TRADESMAN CARGO VAN HIGH ROOF 159',
2025 Ram ProMaster PROMASTER 3500 TRADESMAN CARGO VAN HIGH ROOF 159',
2025 Ram ProMaster PROMASTER 3500 TRADESMAN CARGO VAN HIGH ROOF 159',
2025 Ram Promaster Cargo Van Tradesman,"$68,000"
2025 Jeep Wrangler Rubicon X,"$73,560"
2025 Ram ProMaster PROMASTER 3500 TRADESMAN CARGO VAN HIGH ROOF 159',"$69,550"
2025 Ram ProMaster PROMASTER 3500 TRADESMAN CARGO VAN HIGH ROOF 159',
2025 Ram 2500 TRADESMAN CREW CAB 4X4 6'4 BOX,
2025 Ram 2500 Tradesman,
2025 Ram 2500 TRADESMAN CREW CAB 4X4 8' BOX,
2025 Ram 2500 TRADESMAN CREW CAB 4X4 8' BOX,
2025 Ram 2500 Tradesman,
2025 Jeep Wagoneer S LAUNCH EDITION,
2025 Ram 1500 LARAMIE CREW CAB 4X4 5'7 BOX,
2025 Jeep Wagoneer S LAUNCH EDITION,
2025 Ram 4500 Chassis Cab Tradesman,
2025 Ram 4500 Chassis Cab Tradesman,
2025 Ram 5500 Chassis Cab Tradesman,
2025 Ram 1500 Tungsten,
2025 Ram 2500 Laramie,
2025 Ram 1500 LIMITED CREW CAB 4X4 5'7 BOX,
2025 Dodge Charger 2-DOOR DAYTONA R/T AWD,"$61,590"
2025 Ram 1500 TUNGSTEN CREW CAB 4X4 5'7 BOX,"$91,350"
2025 Ram 1500 LIMITED CREW CAB 4X4 5'7 BOX,"$90,035"
2025 Ram 2500 TRADESMAN CREW CAB 4X4 8' BOX,
2025 Jeep Gladiator RUBICON 4X4,
2025 Ram 3500 Chassis Cab 3500 TRADESMAN CREW CAB CHASSIS 4X4 60' CA,
2025 Ram 3500 Chassis Cab 3500 TRADESMAN CREW CAB CHASSIS 4X4 60' CA,
2025 Jeep Grand Cherokee L LIMITED 4X2,
2025 Jeep Grand Cherokee L LIMITED 4X2,
2025 Jeep Grand Cherokee ALTITUDE X 4X2,
2025 Jeep Wrangler 4-DOOR RUBICON,
2024 Dodge Hornet GT,
2024 Dodge Hornet GT Plus,
2023 Ram 1500 Classic Tradesman,
2025 Dodge Durango GT,
2024 Ram Promaster Cargo Van Tradesman,
2024 Ram 1500 Tradesman,
2025 Ram Promaster Cargo Van Tradesman,
2024 Ram Promaster Cargo Van Tradesman,"$52,085"
2025 Ram 1500 Tradesman,"$52,405"
2025 Dodge Durango GT Plus,"$53,080"
2025 Dodge Durango GT Plus,
2025 Ram Promaster Cargo Van Tradesman,
2025 Ram Promaster Cargo Van Tradesman,
2024 Ram 3500 Tradesman,
2024 Ram 2500 Tradesman,
2025 Ram 1500 Tradesman,
2024 Ram Promaster Cargo Van SLT,
2025 Ram 1500 Tradesman,
2025 Ram 1500 Tradesman,
2025 Ram 1500 Tradesman,
2025 Ram 1500 Big Horn,
2025 Dodge Durango R/T Plus,
2025 Ram 1500 Warlock,
2025 Ram 1500 Warlock,
2025 Ram 1500 Warlock,
2024 Ram Promaster Cargo Van Tradesman,"$58,850"
2024 Ram 3500 Tradesman,"$59,845"
2024 Ram 3500 Tradesman,"$59,845"
2024 Ram 2500 Tradesman,
2025 Ram 1500 Big Horn,
2023 Ram 2500 Tradesman,
2025 Dodge Charger Daytona R/T,
2023 Ram 2500 Tradesman,
2025 Dodge Charger Daytona R/T,
2024 Ram 3500 Chassis Cab Tradesman,
2025 Dodge Charger Daytona R/T,
2025 Ram 1500 Big Horn,
2025 Ram 1500 Big Horn,
2024 Ram 2500 Tradesman,
2024 Ram 2500 Tradesman,
2024 Ram 2500 Tradesman,
2025 Ram 1500 Big Horn,
2025 Ram 1500 Big Horn,
2025 Ram 1500 Big Horn,"$67,405"
2024 Dodge Charger Daytona R/T,"$67,680"
2025 Ram 1500 Laramie,"$68,715"
2024 Ram 3500 Tradesman,
2025 Ram 1500 Big Horn,
2025 Ram 1500 Laramie,
2025 Ram 1500 Laramie,
2024 Dodge Charger Daytona R/T,
2024 Ram 2500 Tradesman,
2024 Ram 2500 Tradesman,
2025 Ram 1500 Rebel,
2025 Ram 1500 Laramie,
2025 Ram 1500 Laramie,
2025 Ram 1500 Laramie,
2025 Ram 1500 Laramie,
2025 Ram 1500 Laramie,
2025 Ram 1500 Laramie,
2025 Ram 1500 Laramie,
2025 Ram 1500 Laramie,"$76,145"
2025 Ram 1500 Laramie,"$76,335"
2024 Ram 5500 Chassis Cab Tradesman,"$76,365"
2025 Ram 1500 Laramie,
2025 Ram 1500 Rebel,
2025 Ram 1500 Rebel,
2024 Ram 5500 Chassis Cab Tradesman,
2025 Ram 1500 Rebel,
2025 Ram 1500 Rebel,
2025 Ram 1500 Rebel,
2024 Ram 5500 Chassis Cab Laramie,
2024 Ram 2500 Power Wagon,
2024 Ram 2500 Power Wagon,
2025 Ram 1500 Laramie,
2025 Ram 1500 Laramie,
2025 Ram 1500 Laramie,
2025 Ram 1500 Laramie,
2025 Dodge Charger Daytona Scat Pack,
2025 Ram 1500 RHO,"$83,975"
2025 Ram 2500 Laramie,"$87,650"
2025 Ram 2500 Laramie,"$87,895"
2025 Ram 1500 Limited,
2025 Ram 1500 Limited,
2025 Ram 1500 Tungsten,
2025 Ram 1500 Tungsten,
2025 Dodge Durango SRT Hellcat,
2025 Ram 1500 Limited,
2025 Ram 1500 Limited,
2025 Ram 1500 Limited,
2025 Ram 1500 Limited,
2025 Ram 1500 Limited,
2025 Ram 1500 Limited,
2025 Ram 1500 Tungsten,
2023 Ram 1500 Big Horn,
2025 Ram 1500 Tungsten,
2025 Ram 1500 Tungsten,
2025 Ram 1500 Tungsten,"$91,255"
2025 Ram 1500 Tungsten,"$91,450"
2025 Ram 1500 Tungsten,"$91,605"
2025 Ram 1500 Big Horn,
2025 Ram 3500 Limited,
2025 Ram 2500 Limited,
2025 Ram 1500 Big Horn,
2025 Jeep Compass Sport,
2025 Jeep Compass Sport,
2025 Jeep Compass Sport,
2025 Jeep Compass Sport,
2025 Jeep Compass Sport,
2025 Jeep Compass Sport,
2025 Jeep Compass Latitude,
2025 Jeep Compass Latitude,
2025 Jeep Compass Latitude,
2025 Jeep Compass Latitude,
2025 Jeep Compass Latitude,
2025 Jeep Compass Latitude,"$32,355"
2025 Jeep Compass Latitude,"$32,355"
2025 Jeep Compass Latitude,"$32,355"
2025 Jeep Compass Latitude,
2025 Jeep Compass Latitude,
2025 Jeep Compass Latitude,
2025 Jeep Compass Latitude,
2025 Jeep Compass Latitude,
2025 Jeep Compass Latitude,
2025 Jeep Compass Limited,
2024 FIAT 500e,
2025 Jeep Compass Limited,
2025 Jeep Wrangler Sport,
2025 Jeep Grand Cherokee L Laredo,
2025 Jeep Wrangler Sport,
2025 Chrysler Voyager LX,
2025 Jeep Grand Cherokee L Laredo X,
2025 Jeep Gladiator Sport,
2025 Jeep Grand Cherokee Laredo,"$43,620"
2025 Jeep Grand Cherokee Laredo,"$44,370"
2025 Jeep Grand Cherokee Laredo X,"$44,370"
2025 Jeep Grand Cherokee L Laredo X,
2025 Jeep Grand Cherokee Laredo X,
2025 Jeep Gladiator Nighthawk,
2025 Jeep Wrangler Sport S,
2025 Jeep Grand Cherokee L Laredo X,
2025 Jeep Grand Cherokee Altitude X,
2025 Jeep Gladiator Nighthawk,
2025 Jeep Gladiator Nighthawk,
2025 Jeep Wrangler Sport,
2025 Jeep Grand Cherokee Altitude X,
2025 Chrysler Pacifica Select,
2025 Jeep Grand Cherokee Altitude X,
2025 Jeep Grand Cherokee Altitude X,
2025 Jeep Wrangler Sport S,
2025 Jeep Grand Cherokee L Altitude X,
2025 Jeep Grand Cherokee Altitude X,"$49,170"
2025 Jeep Grand Cherokee Altitude X,"$49,170"
2025 Jeep Grand Cherokee Altitude X,"$49,170"
2025 Jeep Grand Cherokee Altitude X,
2025 Jeep Grand Cherokee Altitude X,
2025 Jeep Grand Cherokee Altitude X,
2025 Jeep Wrangler Sport S,
2025 Jeep Grand Cherokee L Altitude X,
2025 Jeep Grand Cherokee L Altitude X,
2025 Jeep Grand Cherokee L Altitude X,
2025 Jeep Gladiator Sport S,
2025 Jeep Gladiator Sport S,
2025 Jeep Grand Cherokee L Limited,
2025 Jeep Grand Cherokee L Limited,
2025 Jeep Grand Cherokee L Altitude X,
2025 Jeep Grand Cherokee L Altitude X,
2025 Jeep Grand Cherokee Limited,
2025 Jeep Wrangler Sport S,
2025 Jeep Wrangler Sport S,"$52,035"
2025 Jeep Wrangler Sport S,"$52,340"
2025 Jeep Wrangler Sport S,"$52,340"
2025 Jeep Wrangler Sport S,
2024 Jeep Wrangler Sport S,
2025 Jeep Grand Cherokee L Limited,
2025 Jeep Grand Cherokee Limited,
2025 Jeep Grand Cherokee Limited,
2025 Jeep Grand Cherokee L Limited,
2025 Jeep Grand Cherokee L Limited,
2025 Jeep Grand Cherokee Limited,
2025 Jeep Grand Cherokee L Limited,
2025 Jeep Wrangler Sport S,
2025 Jeep Grand Cherokee Limited,
2025 Jeep Grand Cherokee Limited,
2025 Jeep Grand Cherokee Limited,
2025 Jeep Grand Cherokee Limited,
2025 Jeep Grand Cherokee Limited,
2025 Jeep Grand Cherokee L Limited,"$56,655"
2025 Jeep Wrangler Sahara,"$56,920"
2025 Jeep Wrangler Willys,"$57,175"
2025 Jeep Gladiator Rubicon,
2025 Jeep Grand Cherokee L Limited,
2025 Jeep Grand Cherokee L Limited,
2025 Jeep Grand Cherokee L Limited,
2025 Jeep Grand Cherokee L Limited,
2025 Jeep Grand Cherokee L Limited,
2025 Jeep Grand Cherokee L Limited,
2025 Jeep Grand Cherokee L Limited,
2025 Jeep Wrangler 4xe Sport S,
2025 Jeep Wrangler 4xe Sport S,
2025 Jeep Grand Cherokee L Limited,
2025 Jeep Grand Cherokee L Limited,
2025 Jeep Grand Cherokee L Limited,
2025 Jeep Grand Cherokee L Limited,
2025 Jeep Grand Cherokee L Limited,
2025 Jeep Grand Cherokee L Limited,"$58,555"
2025 Jeep Grand Cherokee L Limited,"$58,655"
2024 Jeep Wrangler Sahara,"$58,665"
2025 Chrysler Pacifica Hybrid Select,
2025 Jeep Wrangler Willys,
2025 Jeep Wrangler Rubicon,
2025 Jeep Gladiator Mojave,
2025 Jeep Wrangler Sport S,
2024 Jeep Wrangler Sahara,
2025 Jeep Gladiator Sport S,
2025 Jeep Gladiator Rubicon,
2025 Jeep Wrangler Rubicon,
2025 Jeep Wrangler Rubicon,
2025 Jeep Wrangler 4xe Sahara,
2025 Jeep Gladiator Mojave X,
2024 Jeep Wagoneer,
2025 Jeep Wagoneer S Limited,
2025 Jeep Wagoneer S Limited,
2025 Jeep Grand Cherokee,"$67,965"
2025 Jeep Wagoneer,"$69,710"
2025 Jeep Wrangler Rubicon X,"$69,960"
2025 Jeep Wrangler Rubicon,
2025 Jeep Grand Cherokee,
2025 Jeep Wagoneer S Launch Edition,
2025 Jeep Wrangler Rubicon X,
2024 Jeep Wagoneer S Launch Edition,
2025 Jeep Wagoneer S Launch Edition,
2025 Jeep Wrangler Rubicon,
2025 Jeep Wrangler Rubicon X,
2025 Jeep Wrangler Rubicon,
2024 Jeep Wagoneer,
2025 Jeep Wrangler Rubicon X,
2025 Jeep Wagoneer Series II Carbide,
2024 Jeep Grand Wagoneer L Series II,
2024 Jeep Grand Wagoneer Series III Obsidian,
2025 Jeep Compass Sport,
2025 Jeep Compass Latitude,"$31,189"
2024 Dodge Hornet GT,"$35,485"
2025 Jeep Grand Cherokee Laredo X,"$39,780"
2025 Jeep Grand Cherokee Laredo X,
2025 Jeep Grand Cherokee Laredo X,
2025 Jeep Grand Cherokee Laredo X,
2025 Jeep Grand Cherokee Laredo,
2025 Jeep Grand Cherokee L Laredo X,
2025 Jeep Grand Cherokee Laredo X,
2025 Dodge Durango GT,
2025 Jeep Grand Cherokee L Laredo X,
2025 Jeep Grand Cherokee Laredo X,
2025 Chrysler Voyager LX,
2025 Chrysler Voyager LX,
2025 Jeep Grand Cherokee Laredo X,
2025 Jeep Grand Cherokee L Laredo X,
2025 Jeep Gladiator Nighthawk,
2024 Dodge Hornet R/T,
2024 Dodge Hornet R/T,"$45,085"
2024 Dodge Hornet R/T,"$46,085"
2025 Jeep Grand Cherokee Limited,"$46,117"
2025 Jeep Gladiator Nighthawk,
2025 Jeep Gladiator Nighthawk,
2025 Jeep Gladiator Nighthawk,
2025 Dodge Durango GT,
2024 Ram Promaster Cutaway Tradesman,
2025 Chrysler Pacifica Select,
2025 Dodge Durango GT,
2025 Jeep Gladiator Nighthawk,
2025 Jeep Wrangler Sport,
2025 Jeep Wrangler Sport S,
2025 Jeep Grand Cherokee L Altitude X,
2024 Jeep Grand Cherokee Altitude X,
2024 Jeep Grand Cherokee Altitude X,
2024 Jeep Grand Cherokee Altitude X,
2025 Jeep Grand Cherokee L Altitude X,
2024 Jeep Grand Cherokee Altitude X,"$49,032"
2025 Jeep Grand Cherokee Limited,"$49,237"
2025 Jeep Grand Cherokee L Altitude X,"$49,392"
2025 Jeep Grand Cherokee L Altitude X,
2024 Jeep Grand Cherokee L Altitude X,
2024 Dodge Hornet R/T Plus,
2024 Jeep Grand Cherokee L Altitude X,
2025 Jeep Grand Cherokee Limited,
2025 Jeep Grand Cherokee L Limited,
2025 Ram Promaster Cargo Van Tradesman,
2025 Ram Promaster Cargo Van Tradesman,
2025 Jeep Grand Cherokee Limited,
2025 Jeep Wrangler Willys,
2025 Jeep Grand Cherokee L Limited,
2024 Ram Promaster Cutaway SLT,
2024 Ram Promaster Cutaway SLT,
2024 Ram Promaster Cutaway SLT,
2024 Ram Promaster Cutaway SLT,
2025 Jeep Wrangler Sport S,"$51,396"
2025 Jeep Wrangler Sport S,"$51,417"
2025 Jeep Grand Cherokee Limited,"$51,437"
2025 Jeep Grand Cherokee L Limited,
2025 Jeep Grand Cherokee Limited,
2024 Ram 2500 Tradesman,
2024 Ram 2500 Tradesman,
2024 Ram 2500 Tradesman,
2025 Jeep Grand Cherokee L Limited,
2025 Jeep Wrangler Sport S,
2025 Jeep Grand Cherokee Limited,
2025 Jeep Grand Cherokee Limited,
2025 Ram Promaster Cargo Van Tradesman,
2025 Jeep Grand Cherokee L Limited,
2025 Jeep Grand Cherokee Limited,
2025 Jeep Grand Cherokee Limited,
2024 Ram 2500 Tradesman,
2024 Ram 2500 Tradesman,
2025 Jeep Grand Cherokee Limited,"$55,065"
2025 Jeep Grand Cherokee Limited,"$55,065"
2025 Ram 1500 Big Horn,"$55,310"
2025 Jeep Wrangler Sport S,
2025 Ram 1500 Big Horn,
2025 Ram 1500 Big Horn,
2025 Jeep Grand Cherokee Limited,
2025 Jeep Grand Cherokee Limited,
2025 Jeep Wrangler Willys,
2025 Jeep Wrangler Willys,
2025 Jeep Wrangler Sport S,
2024 Ram Promaster Cargo Van Tradesman,
2024 Ram Promaster Cargo Van Tradesman,
2025 Jeep Grand Cherokee Limited,
2025 Jeep Grand Cherokee L Limited,
2024 Ram Promaster Cargo Van Tradesman,
2024 Ram Promaster Cargo Van Tradesman,
2025 Jeep Wrangler Sport S,
2025 Jeep Grand Cherokee Limited,"$56,657"
2025 Jeep Grand Cherokee Limited,"$56,677"
2025 Jeep Grand Cherokee L Limited,"$56,777"
2025 Jeep Grand Cherokee L Limited,
2025 Jeep Grand Cherokee Limited,
2025 Ram 1500 Big Horn,
2025 Ram 1500 Big Horn,
2025 Ram 1500 Big Horn,
2025 Ram 1500 Big Horn,
2025 Ram 1500 Big Horn,
2024 Ram 2500 Tradesman,
2024 Ram Promaster Cargo Van Tradesman,
2024 Jeep Wrangler Willys,
2025 Jeep Grand Cherokee L Limited,
2024 Ram 2500 Tradesman,
2024 Ram 2500 Tradesman,
2024 Ram 2500 Tradesman,
2024 Ram 2500 Tradesman,
2024 Ram 2500 Tradesman,"$58,510"
2025 Jeep Grand Cherokee L Limited,"$58,777"
2025 Jeep Grand Cherokee L Limited,"$58,777"
2024 Ram Promaster Cargo Van SLT,
2024 Jeep Grand Cherokee L Limited,
2025 Jeep Wrangler Willys,
2025 Jeep Wrangler Willys,
2025 Ram 1500 Big Horn,
2024 Jeep Wrangler Sahara,
2024 Jeep Wrangler Sport S,
2025 Ram 1500 Big Horn,
2025 Ram 1500 Big Horn,
2025 Jeep Wrangler Sahara,
2025 Ram 1500 Big Horn,
2025 Ram 1500 Big Horn,
2023 Jeep Gladiator Rubicon,
2025 Jeep Wrangler Sahara,
2025 Jeep Wrangler Sahara,
2025 Ram 3500 Big Horn,"$66,055"
2025 Dodge Charger Daytona R/T,"$66,097"
2025 Jeep Wrangler Sahara,"$66,617"
2025 Ram 2500 Big Horn,
2025 Ram 2500 Big Horn,
2025 Ram 2500 Big Horn,
2024 Jeep Wrangler 4xe Sahara,
2024 Ram 2500 Tradesman,
2025 Ram 3500 Big Horn,
2024 Ram 3500 Chassis Cab Tradesman,
2024 Ram 2500 Tradesman,
2024 Jeep Wagoneer S Launch Edition,
2025 Jeep Grand Cherokee Summit Reserve,
2025 Ram 1500 Rebel,
2025 Ram 1500 Laramie,
2025 Ram 1500 Laramie,
2025 Ram 1500 Laramie,
2024 Ram 5500 Chassis Cab Tradesman,
2025 Ram 1500 Rebel,"$73,464"
2025 Ram 1500 Laramie,"$73,665"
2024 Ram 3500 Tradesman,"$73,710"
2025 Jeep Grand Cherokee L Summit Reserve,
2025 Jeep Grand Cherokee L Summit Reserve,
2025 Ram 1500 Rebel,
2024 Ram 3500 Chassis Cab Tradesman,
2025 Ram 1500 Rebel,
2025 Jeep Wrangler Rubicon X,
2025 Ram 1500 Rebel,
2025 Ram 1500 Laramie,
2025 Jeep Grand Cherokee L Summit Reserve,
2024 Ram 2500 Big Horn,
2024 Ram 2500 Big Horn,
2025 Ram 1500 Rebel,
2024 Ram 5500 Chassis Cab Tradesman,
2025 Ram 1500 Laramie,
2025 Ram 1500 Laramie,
2025 Ram 2500 Big Horn,"$76,210"
2025 Ram 1500 Rebel,"$76,226"
2025 Ram 1500 Rebel,"$76,272"
2025 Ram 1500 Rebel,
2024 Ram 3500 Tradesman,
2025 Ram 1500 Laramie,
2025 Ram 1500 Laramie,
2024 Ram 2500 Big Horn,
2024 Ram 1500 Rebel,
2025 Ram 2500 Big Horn,
2025 Ram 1500 Laramie,
2025 Ram 3500 Big Horn,
2024 Ram 5500 Chassis Cab Tradesman,
2024 Ram 5500 Chassis Cab Tradesman,
2025 Ram 3500 Big Horn,
2024 Jeep Grand Cherokee 4xe Overland,
2024 Ram 5500 Chassis Cab Tradesman,
2024 Jeep Wagoneer Series II Carbide,
2024 Ram 3500 Chassis Cab Laramie,"$82,140"
2024 Jeep Wagoneer L Series II Carbide,"$83,330"
2025 Ram 1500 Limited,"$84,137"
2025 Ram 2500 Laramie,
2025 Ram 2500 Laramie,
2025 Ram 2500 Rebel,
2025 Ram 1500 Limited,
2025 Ram 1500 Longhorn,
2025 Ram 2500 Laramie,
2025 Ram 1500 Limited,
2024 Ram Promaster Delivery Van BEV,
2024 Ram Promaster Delivery Van BEV,
2025 Ram 1500 Limited,
2025 Ram 1500 Tungsten,
2025 Ram 1500 Limited,
2025 Ram 1500 Limited,
2025 Ram 1500 Limited,
2025 Ram 1500 Limited,
2025 Ram 1500 Limited,"$90,092"
2025 Ram 1500 Limited,"$90,207"
2025 Ram 1500 Tungsten,"$90,412"
2024 Ram 3500 Longhorn,
2025 Ram 1500 Limited,
2025 Ram 2500 Laramie,
2025 Ram 1500 Tungsten,
2025 Ram 1500 Tungsten,
2025 Ram 3500 Laramie,
2025 Ram 2500 Limited,
2025 Ram 2500 Limited,
2024 Ram 3500 Limited,
2025 Ram 3500 Limited,
2024 Jeep Wrangler Rubicon 392 Final Edition,
2025 Jeep Compass Latitude,
2025 Jeep Compass Latitude,
2025 Jeep Compass Latitude,
2025 Jeep Compass Latitude,
2025 Jeep Compass Latitude,"$30,165"
2025 Jeep Compass Latitude,"$30,360"
2025 Jeep Compass Latitude,"$30,360"
2025 Jeep Compass Latitude,
2025 Jeep Compass Latitude,
2025 Jeep Compass Latitude,
2025 Jeep Compass Latitude,
2025 Jeep Compass Latitude,
2025 Jeep Compass Limited,
2023 Dodge Hornet GT Plus,
2023 Dodge Hornet GT Plus,
2024 Chrysler Voyager LX,
2025 Jeep Grand Cherokee Laredo X,
2025 Jeep Grand Cherokee Laredo X,
2025 Jeep Grand Cherokee Laredo X,
2025 Jeep Compass Limited,
2025 Jeep Grand Cherokee Laredo X,
2025 Chrysler Voyager LX,
2025 Chrysler Voyager LX,"$41,690"
2025 Chrysler Voyager LX,"$41,690"
2025 Jeep Grand Cherokee L Laredo X,"$41,925"
2025 Jeep Grand Cherokee Laredo X,
2025 Jeep Grand Cherokee Laredo X,
2025 Jeep Grand Cherokee Laredo X,
2025 Jeep Grand Cherokee Laredo X,
2025 Jeep Gladiator Nighthawk,
2025 Jeep Gladiator Nighthawk,
2025 Jeep Wrangler Sport S,
2025 Jeep Gladiator Nighthawk,
2025 Jeep Gladiator Nighthawk,
2025 Jeep Grand Cherokee L Laredo X,
2025 Ram 1500 Tradesman,
2025 Ram 1500 Tradesman,
2025 Chrysler Pacifica Select,
2025 Ram 1500 Tradesman,
2025 Jeep Gladiator Nighthawk,
2025 Jeep Gladiator Nighthawk,"$45,180"
2025 Ram 1500 Tradesman,"$45,235"
2025 Ram 1500 Tradesman,"$45,235"
2025 Jeep Grand Cherokee Altitude X,
2025 Dodge Durango GT,
2025 Jeep Grand Cherokee Altitude X,
2024 Ram 1500 Classic Tradesman,
2024 Ram 1500 Classic Tradesman,
2025 Jeep Grand Cherokee Limited,
2025 Ram 1500 Tradesman,
2024 Ram Promaster Cutaway Tradesman,
2025 Jeep Wrangler Sport S,
2025 Jeep Wrangler Sport S,
2024 Jeep Wrangler Sport S,
2025 Jeep Grand Cherokee Limited,
2025 Ram Promaster Cargo Van Tradesman,
2025 Ram Promaster Cargo Van Tradesman,
2024 Ram Promaster Cargo Van Tradesman,
2025 Ram 1500 Tradesman,"$48,455"
2025 Ram 1500 Tradesman,"$48,570"
2025 Ram 1500 Tradesman,"$48,670"
2025 Jeep Grand Cherokee L Limited,
2025 Jeep Grand Cherokee Limited,
2025 Jeep Grand Cherokee Altitude X,
2024 Jeep Grand Cherokee L Altitude X,
2024 Ram 1500 Classic Tradesman,
2025 Jeep Grand Cherokee Limited,
2025 Jeep Grand Cherokee L Limited,
2025 Jeep Grand Cherokee L 4DR 4WD,
2024 Ram Promaster Cutaway Tradesman,
2024 Ram Promaster Cutaway Tradesman,
2024 Jeep Grand Cherokee L Altitude X,
2025 Jeep Grand Cherokee Limited,
2025 Ram 2500 Tradesman,
2025 Jeep Grand Cherokee Limited,
2025 Jeep Grand Cherokee L Limited,
2025 Jeep Grand Cherokee L Limited,"$50,020"
2025 Jeep Grand Cherokee Limited,"$50,140"
2024 Ram 1500 Classic Tradesman,"$50,715"
2024 Ram 1500 Classic Tradesman,
2025 Jeep Grand Cherokee Limited,
2024 Ram 2500 Tradesman,
2024 Ram 2500 Tradesman,
2024 Ram 2500 Tradesman,
2025 Ram Promaster Cargo Van Tradesman,
2025 Ram Promaster Cargo Van Tradesman,
2025 Ram Promaster Cargo Van Tradesman,
2025 Ram Promaster Cargo Van Tradesman,
2025 Ram Promaster Cargo Van Tradesman,
2025 Ram Promaster Cargo Van Tradesman,
2025 Ram Promaster Cargo Van Tradesman,
2025 Ram Promaster Cargo Van Tradesman,
2025 Ram Promaster Cargo Van Tradesman,
2025 Ram Promaster Cargo Van Tradesman,
2025 Ram Promaster Cargo Van Tradesman,"$51,940"
2025 Ram Promaster Cargo Van Tradesman,"$51,940"
2025 Ram Promaster Cargo Van Tradesman,"$51,940"
2025 Ram Promaster Cargo Van Tradesman,
2025 Ram Promaster Cargo Van Tradesman,
2025 Ram Promaster Cargo Van Tradesman,
2025 Ram Promaster Cargo Van Tradesman,
2025 Ram Promaster Cargo Van Tradesman,
2025 Ram Promaster Cargo Van Tradesman,
2025 Ram Promaster Cargo Van Tradesman,
2025 Ram Promaster Cargo Van Tradesman,
2025 Ram Promaster Cargo Van Tradesman,
2025 Ram 1500 Tradesman,
2025 Jeep Wrangler Sport S,
2025 Jeep Grand Cherokee Limited,
2025 Jeep Grand Cherokee Limited,
2025 Ram 1500 Tradesman,
2025 Ram 1500 Tradesman,
2025 Ram 1500 Tradesman,"$52,695"
2025 Ram 1500 Tradesman,"$52,695"
2025 Ram 1500 Tradesman,"$52,695"
2025 Ram 1500 Tradesman,
2025 Jeep Grand Cherokee Limited,
2025 Ram 1500 Tradesman,
2025 Ram 1500 Big Horn,
2025 Ram 1500 Big Horn,
2025 Ram Promaster Cargo Van Tradesman,
2025 Jeep Wrangler Sport S,
2025 Jeep Wrangler Sport S,
2025 Jeep Wrangler Sport S,
2025 Jeep Grand Cherokee Limited,
2025 Jeep Grand Cherokee Limited,
2025 Jeep Grand Cherokee Limited,
2025 Ram Promaster Cargo Van Tradesman,
2025 Ram 1500 Tradesman,
2025 Ram 1500 Tradesman,
2024 Ram 1500 Classic Tradesman,"$53,960"
2025 Ram 1500 Tradesman,"$54,115"
2024 Ram 2500 Tradesman,"$54,690"
2024 Ram 2500 Tradesman,
2025 Jeep Wrangler Sport S,
2025 Jeep Wrangler Sport S,
2025 Jeep Wrangler Sport S,
2025 Ram Promaster Cargo Van Tradesman,
2025 Ram Promaster Cargo Van Tradesman,
2025 Jeep Grand Cherokee Limited,
2025 Ram Promaster Cargo Van Tradesman,
2025 Jeep Grand Cherokee Limited,
2025 Jeep Grand Cherokee Limited,
2025 Jeep Grand Cherokee L Limited,
2025 Jeep Wrangler Willys,
2024 Ram 2500 Tradesman,
2024 Ram 2500 Tradesman,
2024 Ram 2500 Tradesman,
2025 Ram Promaster Cargo Van Tradesman,"$55,315"
2025 Ram Promaster Cargo Van Tradesman,"$55,315"
2025 Ram 1500 Big Horn,"$55,340"
2025 Ram 1500 Big Horn,
2025 Ram 1500 Big Horn,
2025 Ram 1500 Big Horn,
2025 Ram 1500 Big Horn,
2025 Ram Promaster Cargo Van Tradesman,
2025 Ram Promaster Cargo Van Tradesman,
2025 Ram Promaster Cargo Van Tradesman,
2025 Ram Promaster Cargo Van Tradesman,
2025 Ram Promaster Cargo Van Tradesman,
2025 Ram Promaster Cargo Van Tradesman,
2025 Ram Promaster Cargo Van Tradesman,
2025 Ram Promaster Cargo Van Tradesman,
2025 Ram Promaster Cargo Van Tradesman,
2025 Ram Promaster Cargo Van Tradesman,
2025 Ram Promaster Cargo Van Tradesman,
2025 Ram Promaster Cargo Van Tradesman,"$55,640"
2025 Ram Promaster Cargo Van Tradesman,"$55,640"
2025 Ram Promaster Cargo Van Tradesman,"$55,640"
2025 Ram Promaster Cargo Van Tradesman,
2025 Ram Promaster Cargo Van Tradesman,
2025 Ram Promaster Cargo Van Tradesman,
2025 Ram Promaster Cargo Van Tradesman,
2025 Jeep Grand Cherokee Limited,
2025 Jeep Grand Cherokee Limited,
2024 Ram Promaster Cargo Van Tradesman,
2025 Jeep Grand Cherokee L Limited,
2025 Jeep Grand Cherokee L Limited,
2025 Ram Promaster Cargo Van Tradesman,
2025 Ram Promaster Cargo Van Tradesman,
2025 Ram Promaster Cargo Van Tradesman,
2025 Ram Promaster Cargo Van Tradesman,
2025 Ram Promaster Cargo Van Tradesman,
2025 Ram 1500 Lone Star,
2025 Ram 1500 Lone Star,"$56,445"
2025 Ram Promaster Cargo Van SLT,"$56,525"
2025 Ram Promaster Cargo Van SLT,"$56,525"
2025 Jeep Wrangler Willys,
2025 Ram 1500 Big Horn,
2025 Jeep Wrangler Willys,
2025 Jeep Wrangler Willys,
2024 Ram 2500 Tradesman,
2025 Jeep Grand Cherokee L Limited,
2025 Jeep Wrangler Willys,
2024 Ram Promaster Cargo Van Tradesman,
2024 Ram Promaster Cargo Van Tradesman,
2024 Ram Promaster Cargo Van Tradesman,
2024 Ram Promaster Cargo Van Tradesman,
2024 Ram Promaster Cargo Van Tradesman,
2024 Ram Promaster Cargo Van Tradesman,
2025 Ram 1500 Big Horn,
2025 Ram 1500 Big Horn,
2023 Jeep Wrangler 4xe 4xe,"$59,445"
2023 Jeep Wrangler 4xe 4xe,"$59,445"
2025 Jeep Wrangler Sahara,"$59,940"
2024 Ram 2500 Tradesman,
2024 Ram 2500 Tradesman,
2025 Jeep Wrangler Sahara,
2025 Ram 1500 Big Horn,
2025 Ram 1500 Big Horn,
2025 Ram 1500 Big Horn,
2025 Jeep Wrangler Sahara,
2025 Ram 1500 Big Horn,
2025 Dodge Durango R/T Plus,
2024 Ram 2500 Tradesman,
2025 Ram 1500 Big Horn,
2025 Ram 1500 Big Horn,
2025 Ram 2500 Big Horn,
2025 Jeep Wrangler Sahara,
2025 Jeep Wrangler Sahara,
2025 Jeep Wrangler Sahara,"$65,230"
2025 Jeep Wrangler Sahara,"$65,230"
2024 Jeep Wagoneer,"$65,240"
2023 Jeep Wrangler 4xe Rubicon,
2025 Jeep Grand Cherokee Summit,
2025 Ram 1500 Rebel,
2025 Ram 1500 Rebel,
2024 Jeep Grand Cherokee 4xe 4xe,
2025 Ram 1500 Laramie,
2025 Ram 1500 Laramie,
2024 Ram 3500 Chassis Cab Tradesman,
2025 Jeep Wrangler Rubicon,
2024 Ram 3500 Chassis Cab Tradesman,
2024 Ram 3500 Chassis Cab Tradesman,
2024 Ram 2500 Tradesman,
2024 Ram 2500 Tradesman,
2024 Ram 2500 Tradesman,
2024 Ram 2500 Tradesman,
2025 Ram 1500 Laramie,"$69,415"
2025 Jeep Grand Cherokee Summit Reserve,"$70,630"
2024 Ram 4500 Chassis Cab Tradesman,"$70,640"
2024 Ram 3500 Chassis Cab Tradesman,
2025 Jeep Grand Cherokee Summit Reserve,
2024 Ram 3500 Chassis Cab Tradesman,
2024 Ram 3500 Chassis Cab Tradesman,
2024 Jeep Wrangler 4xe Rubicon,
2025 Ram 1500 Laramie,
2025 Ram 1500 Laramie,
2025 Jeep Grand Cherokee L Summit Reserve,
2025 Jeep Grand Cherokee L Summit,
2025 Ram 1500 Laramie,
2025 Ram 1500 Laramie,
2025 Ram 1500 Laramie,
2025 Jeep Grand Cherokee L Summit Reserve,
2025 Jeep Grand Cherokee L Summit Reserve,
2024 Ram 3500 Chassis Cab Tradesman,
2024 Ram 3500 Chassis Cab Tradesman,"$74,440"
2025 Ram 1500 Laramie,"$74,990"
2025 Ram 1500 Laramie,"$74,990"
2025 Ram 1500 Rebel,
2025 Jeep Wrangler Rubicon X,
2025 Jeep Wrangler Rubicon X,
2025 Ram 2500 Big Horn,
2024 Ram 5500 Chassis Cab Tradesman,
2024 Ram 5500 Chassis Cab Tradesman,
2025 Ram 2500 Big Horn,
2025 Jeep Wagoneer Series II Carbide,
2025 Ram 1500 Limited,
2024 Dodge Charger Daytona Scat Pack,
2024 Ram 3500 Tradesman,
2025 Ram 1500 Longhorn,
2025 Ram 1500 RHO,
2025 Ram 1500 Longhorn,
2025 Ram 3500 Laramie,
2025 Ram 1500 Limited,"$88,890"
2025 Ram 1500 Longhorn,"$89,075"
2025 Ram 1500 Limited,"$89,150"
2024 Ram Promaster Delivery Van BEV 3500 SUPER HI RF 159,
2025 Ram 3500 Laramie,
2024 Ram 3500 Chassis Cab Laramie,
2025 Ram 1500 Limited,
2025 Ram 1500 Limited,
2025 Ram 1500 Limited,
2025 Ram 1500 Limited,
2025 Ram 1500 Limited,
2025 Ram 2500 Laramie,
2025 Ram 1500 Limited,
2025 Ram 3500 Laramie,
2025 Ram 1500 Tungsten,
2023 Jeep Grand Wagoneer,
2025 Ram 3500 Laramie,
2025 Ram 2500 Rebel,
2025 Ram 3500 Laramie,"$94,750"
2025 Jeep Wrangler Rubicon 392 Final Edition,"$106,580"
2025 Jeep Compass Latitude,"$29,765"
2025 Jeep Compass Latitude,
2025 Jeep Compass Latitude,
2025 Jeep Wrangler Sport,
2025 Jeep Wrangler Sport,
2025 Jeep Wrangler Sport,
2025 Jeep Wrangler Sport,
2025 Jeep Wrangler Sport,
2023 Chrysler Voyager LX,
2025 Jeep Grand Cherokee L Laredo X,
2025 Jeep Grand Cherokee L Laredo X,
2025 Jeep Grand Cherokee L Laredo X,
2024 Dodge Hornet GT Plus,
2025 Jeep Grand Cherokee L Laredo X,
2024 Dodge Hornet R/T,
2025 Jeep Grand Cherokee L Laredo X,
2025 Jeep Grand Cherokee L Laredo X,"$43,720"
2025 Jeep Gladiator Nighthawk,"$43,385"
2025 Jeep Gladiator Nighthawk,"$43,385"
2025 Jeep Grand Cherokee Laredo X,
2025 Jeep Grand Cherokee Laredo X,
2025 Jeep Grand Cherokee Laredo X,
2025 Jeep Gladiator Nighthawk,
2025 Jeep Gladiator Nighthawk,
2025 Jeep Gladiator Nighthawk,
2023 Chrysler Pacifica Touring L,
2025 Jeep Grand Cherokee L Laredo X,
2025 Jeep Gladiator Nighthawk,
2025 Jeep Gladiator Nighthawk,
2025 Jeep Gladiator Nighthawk,
2025 Jeep Grand Cherokee L Altitude X,
2025 Jeep Grand Cherokee Altitude X,
2025 Jeep Grand Cherokee Altitude X,
2025 Dodge Durango GT,
2025 Jeep Grand Cherokee Altitude X,"$46,375"
2025 Ram 1500 Tradesman,"$45,960"
2025 Jeep Wrangler Sport S,"$47,990"
2025 Ram 1500 Tradesman,
2025 Jeep Grand Cherokee Limited,
2025 Jeep Grand Cherokee Limited,
2024 Jeep Wrangler Sahara,
2025 Jeep Grand Cherokee L Altitude X,
2024 Ram 1500 Big Horn,
2025 Jeep Grand Cherokee L Altitude X,
2025 Jeep Grand Cherokee Limited,
2025 Jeep Grand Cherokee Limited,
2025 Jeep Grand Cherokee L Limited,
2025 Jeep Grand Cherokee L Limited,
2025 Ram 1500 Big Horn,
2025 Jeep Grand Cherokee L Limited,
2025 Jeep Wrangler Sport S,
2025 Jeep Grand Cherokee Limited,
2025 Ram 1500 Tradesman,"$52,855"
2025 Jeep Wrangler Sport S,"$52,540"
2024 Ram Promaster Cargo Van Tradesman,"$54,605"
2024 Ram 1500 Big Horn,
2024 Ram 3500 Tradesman,
2025 Jeep Wrangler Sport S,
2025 Jeep Grand Cherokee Limited,
2025 Jeep Wrangler Sport S,
2025 Jeep Grand Cherokee Limited,
2025 Jeep Grand Cherokee Limited,
2025 Jeep Grand Cherokee Limited,
2025 Jeep Grand Cherokee Limited,
2025 Dodge Durango R/T,
2023 Ram 2500 Tradesman,
2025 Jeep Grand Cherokee Limited,
2025 Jeep Wrangler Sport S,
2025 Jeep Wrangler Willys,
2025 Jeep Grand Cherokee L Limited,
2025 Ram 1500 Big Horn,"$56,332"
2023 Jeep Grand Cherokee Limited,"$54,285"
2025 Jeep Grand Cherokee L Limited,"$54,835"
2024 Jeep Wrangler Sahara,
2025 Jeep Wrangler Willys,
2025 Ram 1500 Big Horn,
2023 Ram 2500 Tradesman,
2025 Jeep Grand Cherokee L Limited,
2025 Ram 1500 Big Horn,
2025 Ram 1500 Big Horn,
2025 Jeep Grand Cherokee L Limited,
2025 Jeep Grand Cherokee L Limited,
2025 Ram 1500 Big Horn,
2025 Ram 1500 Big Horn,
2025 Jeep Grand Cherokee L Limited,
2025 Jeep Wrangler Willys,
2025 Jeep Wrangler Willys,
2023 Ram 2500 Tradesman,
2024 Ram Promaster Cargo Van SLT+,"$60,770"
2023 Ram Promaster Cargo Van High Roof,"$57,670"
2023 Ram Promaster Cargo Van High Roof,"$57,720"
2023 Ram Promaster Cargo Van High Roof,
2023 Ram Promaster Cargo Van High Roof,
2023 Ram Promaster Cargo Van High Roof,
2023 Ram Promaster Cargo Van High Roof,
2023 Ram Promaster Cargo Van High Roof,
2023 Ram Promaster Cargo Van High Roof,
2023 Ram Promaster Cargo Van High Roof,
2023 Ram Promaster Cargo Van High Roof,
2023 Ram Promaster Cargo Van High Roof,
2023 Ram Promaster Cargo Van High Roof,
2023 Ram Promaster Cargo Van High Roof,
2023 Ram Promaster Cargo Van High Roof,
2023 Ram Promaster Cargo Van High Roof,
2023 Ram 2500 Tradesman,
2025 Jeep Wrangler Willys,
2025 Ram 1500 Big Horn,"$61,950"
2023 Ram Promaster Cargo Van High Roof,"$58,510"
2023 Ram Promaster Cargo Van High Roof,"$59,825"
2024 Jeep Wrangler Rubicon,
2025 Dodge Charger Daytona R/T,
2025 Ram 1500 Big Horn,
2025 Ram 1500 Big Horn,
2025 Dodge Charger Daytona R/T,
2025 Ram 1500 Big Horn,
2024 Ram 3500 Tradesman,
2024 Ram 2500 Tradesman,
2025 Dodge Durango R/T 20th Anniversary Plus,
2025 Jeep Wrangler Sahara,
2025 Jeep Wrangler Sahara,
2025 Jeep Wrangler Sahara,
2025 Jeep Wrangler Sport S,
2025 Ram 1500 Rebel,
2025 Ram 1500 Big Horn,
2025 Jeep Wagoneer S Limited,"$67,590"
2025 Jeep Wagoneer S Limited,"$67,590"
2025 Jeep Wagoneer S Limited,"$67,590"
2025 Jeep Wagoneer S Limited,
2025 Ram 1500 Rebel,
2024 Jeep Wagoneer,
2025 Jeep Grand Cherokee Summit,
2025 Jeep Wrangler Rubicon,
2025 Jeep Wrangler Rubicon,
2024 Jeep Wrangler 4xe High Altitude,
2025 Jeep Grand Cherokee L Summit Reserve,
2025 Jeep Grand Cherokee L Summit Reserve,
2025 Jeep Grand Cherokee L Summit Reserve,
2025 Ram 1500 Laramie,
2025 Ram 1500 Rebel,
2025 Ram 3500 Tradesman,
2025 Ram 1500 Rebel,
2025 Jeep Wagoneer S Launch Edition,
2025 Jeep Grand Cherokee L Summit,"$72,630"
2025 Jeep Grand Cherokee L Summit,"$73,225"
2025 Ram 1500 Laramie,"$72,770"
2025 Ram 1500 Laramie,
2025 Ram 1500 Laramie,
2025 Ram 1500 Laramie,
2025 Ram 1500 Laramie,
2025 Ram 1500 Laramie,
2025 Ram 1500 Laramie,
2024 Jeep Wagoneer Series II Carbide,
2024 Jeep Wrangler 4xe Rubicon X,
2025 Ram 1500 Laramie,
2025 Jeep Wagoneer Series II Carbide,
2023 Ram 3500 Big Horn,
2024 Jeep Wagoneer L Series II Carbide,
2025 Ram 1500 Longhorn,
2025 Ram 2500 Laramie,
2025 Ram 2500 Laramie,
2025 Ram 1500 Limited,"$88,395"
2025 Ram 1500 Limited,"$89,540"
2025 Ram 1500 Tungsten,"$91,400"
2025 Ram 1500 Tungsten,
2025 Ram 1500 Tungsten,
2025 Ram 1500 Tungsten,
2025 Ram 1500 Tungsten,
2025 Ram 2500 Laramie,
2024 Jeep Grand Wagoneer Series II Obsidian,
2022 Jeep Wrangler Unlimited Sahara Altitude,
2025 Jeep Compass Latitude,
2025 Jeep Compass Latitude,
2025 Jeep Compass Latitude,
2025 Jeep Compass Latitude,
2025 Jeep Wrangler Sport,
2025 Jeep Wrangler Sport,
2025 Jeep Wrangler Sport,
2025 Jeep Wrangler Sport,
2025 Jeep Wrangler Sport,"$35,450"
2025 Jeep Wrangler Sport,"$35,450"
2025 Jeep Grand Cherokee Laredo X,"$39,580"
2025 Jeep Grand Cherokee Laredo X,
2025 Jeep Grand Cherokee Laredo X,
2025 Jeep Grand Cherokee Laredo X,
2025 Chrysler Voyager LX,
2025 Chrysler Voyager LX,
2025 Jeep Grand Cherokee L Laredo X,
2025 Jeep Wrangler Sport,
2025 Dodge Durango GT,
2025 Jeep Grand Cherokee Laredo X,
2025 Jeep Grand Cherokee Laredo X,
2025 Jeep Grand Cherokee Laredo X,
2025 Jeep Gladiator Nighthawk,
2025 Jeep Gladiator Nighthawk,
2025 Jeep Gladiator Nighthawk,
2025 Jeep Gladiator Nighthawk,
2025 Jeep Gladiator Nighthawk,"$43,940"
2025 Ram 1500 Tradesman,"$43,965"
2025 Jeep Gladiator Nighthawk,"$44,240"
2025 Jeep Grand Cherokee L Laredo X,
2025 Chrysler Pacifica Select,
2025 Chrysler Pacifica Select,
2025 Jeep Grand Cherokee L Laredo X,
2025 Chrysler Pacifica Select,
2025 Chrysler Pacifica Select,
2025 Dodge Durango GT,
2025 Jeep Gladiator Nighthawk,
2025 Jeep Gladiator Nighthawk,
2025 Jeep Gladiator Nighthawk,
2025 Jeep Gladiator Nighthawk,
2025 Jeep Gladiator Nighthawk,
2025 Jeep Gladiator Nighthawk,
2025 Jeep Grand Cherokee Altitude X,
2025 Ram 1500 Tradesman,
2025 Dodge Durango GT,"$47,175"
2025 Jeep Grand Cherokee L Altitude X,"$47,580"
2024 Ram Promaster Cargo Van Tradesman,"$48,859"
2025 Jeep Grand Cherokee L Limited,
2025 Jeep Grand Cherokee L Limited,
2025 Jeep Grand Cherokee L Limited,
2025 Jeep Grand Cherokee L Limited,
2025 Jeep Grand Cherokee L Altitude X,
2024 Jeep Wrangler Sport S,
2024 Jeep Wrangler Sport S,
2025 Jeep Wrangler Sport S,
2025 Jeep Wrangler Sport S,
2025 Jeep Wrangler Sport S,
2025 Jeep Grand Cherokee L Limited,
2025 Jeep Wrangler Sport S,
2025 Jeep Wrangler Sport S,
2025 Jeep Wrangler Sport S,
2025 Ram 1500 Big Horn,
2025 Jeep Wrangler Sport S,"$52,850"
2025 Jeep Grand Cherokee Limited,"$53,065"
2025 Jeep Grand Cherokee Limited,"$53,065"
2025 Jeep Wrangler Sport S,
2025 Jeep Wrangler Sport S,
2025 Jeep Grand Cherokee Limited,
2025 Jeep Grand Cherokee Limited,
2025 Jeep Grand Cherokee Limited,
2024 Jeep Wrangler Sahara,
2025 Jeep Wrangler Sport S,
2025 Jeep Wrangler Sport S,
2025 Jeep Wrangler Sport S,
2025 Jeep Wrangler Willys,
2024 Jeep Wrangler Sport,
2025 Jeep Wrangler Willys,
2025 Jeep Grand Cherokee Limited,
2025 Jeep Grand Cherokee Limited,
2025 Jeep Wrangler Willys,
2025 Jeep Grand Cherokee Limited,"$55,660"
2025 Jeep Grand Cherokee Limited,"$55,660"
2025 Jeep Gladiator Rubicon,"$56,750"
2025 Jeep Wrangler Sport S,
2025 Jeep Wrangler Sport S,
2025 Jeep Grand Cherokee L Limited,
2025 Jeep Grand Cherokee L Limited,
2025 Dodge Durango R/T Plus,
2024 Ram 2500 Tradesman,
2025 Jeep Wrangler Willys,
2025 Dodge Charger Daytona R/T,
2025 Jeep Wrangler Sahara,
2025 Ram 1500 Big Horn,
2025 Chrysler Pacifica Hybrid Pinnacle,
2025 Ram 1500 Big Horn,
2025 Ram 1500 Big Horn,
2025 Dodge Charger Daytona R/T,
2025 Jeep Wrangler Sahara,
2025 Jeep Wrangler Sahara,"$63,300"
2025 Ram 1500 Big Horn,"$63,805"
2025 Ram 2500 Tradesman,"$64,740"
2025 Ram 3500 Big Horn,
2025 Ram 1500 Rebel,
2025 Ram 1500 Rebel,
2025 Jeep Wagoneer S Limited,
2025 Ram 1500 Rebel,
2024 Ram 2500 Tradesman,
2024 Ram 2500 Tradesman,
2024 Jeep Wrangler 4xe Rubicon,
2025 Jeep Wrangler Rubicon,
2025 Jeep Wrangler Rubicon,
2025 Jeep Grand Cherokee L Summit Reserve,
2025 Jeep Wrangler Rubicon,
2024 Ram 2500 Tradesman,
2025 Jeep Wagoneer S Launch Edition,
2025 Jeep Wagoneer L,
2025 Jeep Grand Cherokee L Summit,"$72,630"
2025 Ram 1500 Laramie,"$73,000"
2025 Ram 1500 Laramie,"$73,065"
2025 Ram 1500 Laramie,
2025 Ram 1500 Laramie,
2025 Ram 1500 Laramie,
2025 Jeep Wrangler Rubicon,
2025 Ram 2500 Big Horn,
2025 Ram 2500 Big Horn,
2025 Ram 2500 Big Horn,
2025 Dodge Charger Daytona Scat Pack,
2025 Jeep Wagoneer Series II Carbide,
2025 Ram 3500 Big Horn,
2025 Jeep Wagoneer L Series III,
2025 Ram 1500 Limited,
2025 Ram 2500 Laramie,
2025 Ram 2500 Rebel,
2025 Ram 2500 Laramie,
2025 Ram 1500 Tungsten,"$91,250"
2025 Ram 1500 Tungsten,"$91,400"
2025 Ram 1500 Tungsten,"$91,900"
2025 Ram 3500 Laramie,
2025 Jeep Grand Cherokee L Laredo,
2025 Dodge Durango GT,
2025 Dodge Durango GT,
2025 Dodge Durango GT,
2025 Dodge Durango GT,
2025 Jeep Grand Cherokee Limited,
2025 Jeep Grand Cherokee Limited,
2024 Jeep Wrangler Willys,
2024 Ram 2500 Tradesman,
2025 Ram 1500 Big Horn,
2024 Ram 2500 Tradesman,
2024 Ram 2500 Tradesman,
2024 Ram 2500 Tradesman,
2024 Ram 2500 Tradesman,
2024 Ram 2500 Tradesman,"$68,005"
2024 Ram 2500 Tradesman,"$68,055"
2024 Ram 3500 Tradesman,"$72,225"
2024 Ram 3500 Chassis Cab Tradesman,
2024 Jeep Wagoneer L L 4X4,
2024 Ram 5500 Chassis Cab Tradesman,
2025 Ram 1500 Limited,
2025 Jeep Grand Cherokee Limited,
2025 Jeep Wrangler Sahara,
2025 Ram 1500 Big Horn,
2025 Jeep Wrangler Sahara,
2025 Jeep Wrangler Sport S,
2025 Jeep Gladiator Nighthawk,
2024 Ram 3500 Tradesman,
2024 Ram 3500 Tradesman,
2025 Jeep Grand Cherokee L Limited,
2025 Jeep Grand Cherokee L Limited,
2024 Ram 3500 Tradesman,
2025 Jeep Grand Cherokee Limited,"$48,020"
2025 Chrysler Pacifica Select,"$47,320"
2025 Jeep Grand Cherokee L Limited,"$52,635"
2025 Jeep Gladiator Mojave X,
2025 Jeep Gladiator Nighthawk,
2025 Jeep Gladiator Nighthawk,
2025 Ram 1500 Laramie,
2025 Jeep Grand Cherokee Limited,
2024 Ram Promaster Window Van SLT+,
2025 Jeep Wagoneer 4X4,
2025 Ram Promaster Cargo Van Tradesman,
2025 Ram 1500 Big Horn,
2025 Jeep Wagoneer Series II Carbide,
2025 Jeep Gladiator Nighthawk,
2025 Jeep Gladiator Nighthawk,
2025 Jeep Gladiator Nighthawk,
2025 Jeep Grand Cherokee Altitude X,
2025 Chrysler Voyager LX,
2025 Jeep Wrangler Willys,"$53,180"
2025 Jeep Wrangler Willys,"$55,180"
2025 Jeep Grand Cherokee L Limited,"$54,535"
2025 Jeep Wrangler Willys,
2025 Jeep Wagoneer L L 4X4,
2025 Jeep Grand Wagoneer Series II Obsidian,
2025 Jeep Grand Cherokee Altitude X,
2025 Jeep Wagoneer Series II Carbide,
2025 Jeep Grand Cherokee L Limited,
2025 Jeep Grand Cherokee Altitude X,
2025 Dodge Charger Daytona R/T,
2025 Jeep Grand Wagoneer Series II Obsidian,
2025 Jeep Grand Cherokee L Limited,
2025 Jeep Grand Cherokee L Limited,
2025 Jeep Wrangler Willys,
2025 Chrysler Pacifica Limited,
2025 Jeep Wrangler 4xe Willys,
2025 Jeep Gladiator Nighthawk,
2025 Dodge Charger Daytona R/T,"$62,685"
2024 Jeep Wrangler Sport S,"$53,245"
2025 Jeep Grand Cherokee L Altitude X,"$49,580"
2025 Jeep Compass Latitude,
2025 Jeep Wrangler Willys,
2025 Jeep Gladiator Nighthawk,
2025 Dodge Charger Daytona R/T,
2025 Chrysler Pacifica Limited,
2025 Ram 1500 Tradesman,
2025 Jeep Gladiator Willys,
2025 Jeep Gladiator Willys,
2025 Dodge Charger Daytona R/T,
2025 Jeep Wagoneer 4X4,
2025 Jeep Grand Cherokee L Altitude X,
2025 Jeep Wagoneer Series II Carbide,
2025 Jeep Wagoneer 4X4,
2025 Jeep Wagoneer 4X4,
2025 Jeep Grand Cherokee L Altitude X,
2025 Ram 1500 Tradesman,"$50,055"
2025 Jeep Gladiator Nighthawk,"$44,785"
2025 Jeep Gladiator Willys,"$50,980"
2025 Jeep Wrangler Sport,
2025 Jeep Gladiator Rubicon X,
2025 Jeep Wrangler Sport S,
2025 Jeep Wrangler 4xe Willys,
2025 Ram 1500 Laramie,
2025 Jeep Wrangler Sport S,
2025 Jeep Wrangler Sport S,
2025 Ram 1500 Laramie,
2025 Jeep Wrangler Sport,
2025 Ram 1500 Laramie,
2025 Jeep Grand Cherokee L Altitude X,
2025 Ram 1500 Laramie,
2025 Jeep Wrangler 4xe Backcountry,
2025 Jeep Gladiator Rubicon X,
2025 Jeep Wrangler Sport S,
2025 Ram Promaster Cargo Van Tradesman,"$50,445"
2025 Ram Promaster Cargo Van Tradesman,"$51,590"
2024 Ram 5500 Chassis Cab Tradesman,"$78,250"
2025 Dodge Charger Daytona R/T,
2025 Ram Promaster Cargo Van Tradesman,
2025 Ram 1500 Laramie,
2025 Jeep Wrangler Sport S,
2025 Jeep Grand Cherokee Limited,
2025 Jeep Wagoneer L L 4X4,
2025 Jeep Grand Cherokee L Altitude X,
2025 Jeep Grand Cherokee L Altitude X,
2025 Jeep Grand Cherokee L Altitude X,
2025 Jeep Grand Cherokee L Altitude X,
2025 Jeep Gladiator Mojave X,
2025 Jeep Wrangler Willys,
2025 Ram Promaster Cargo Van Tradesman,
2025 Ram Promaster Cargo Van Tradesman,
2025 Ram 2500 Laramie,
2025 Ram 2500 Tradesman,"$54,645"
2025 Ram 2500 Tradesman,"$54,645"
2025 Ram Promaster Cargo Van Tradesman,"$55,885"
2025 Jeep Grand Cherokee Limited,
2025 Jeep Grand Cherokee Limited,
2025 Ram 1500 Tungsten,
2024 Ram 3500 Tradesman,
2025 Jeep Wagoneer S Limited,
2025 Jeep Grand Cherokee L Limited,
2025 Jeep Grand Cherokee L Limited,
2025 Jeep Grand Cherokee L Limited,
2025 Jeep Grand Cherokee L Limited,
2025 Ram 1500 Laramie,
2025 Jeep Grand Cherokee Limited,
2025 Jeep Grand Cherokee Limited,
2025 Jeep Grand Cherokee Limited,
2025 Jeep Grand Cherokee Summit Reserve,
2025 Ram 2500 Laramie,
2025 Jeep Grand Cherokee Limited,"$53,730"
2025 Jeep Grand Cherokee Limited,"$49,625"
2025 Ram 1500 Laramie,"$71,855"
2025 Jeep Wrangler Sport,
2025 Ram Promaster Cargo Van Tradesman,
2025 Ram Promaster Cargo Van Tradesman,
2025 Ram Promaster Cargo Van Tradesman,
2025 Ram 1500 Tradesman,
2025 Ram 1500 Laramie,
2025 Jeep Wrangler Willys,
2025 Ram 1500 Laramie,
2025 Jeep Grand Cherokee Limited,
2025 Ram 1500 Laramie,
2025 Ram 1500 Rebel,
2025 Jeep Grand Cherokee Limited,
2025 Ram 1500 Rebel,
2025 Ram 1500 Laramie,
2025 Ram 1500 Laramie,
2025 Ram 1500 Tradesman,"$45,120"
2025 Jeep Wrangler Sport S,"$51,770"
2025 Jeep Wrangler Sport S,"$52,365"
2025 Jeep Wrangler Sport S,
2025 Ram 1500 Laramie,
2025 Jeep Wrangler Sport S,
2025 Ram 1500 Rebel,
2025 Jeep Gladiator Rubicon X,
2025 Ram 1500 Laramie,
2025 Ram 1500 Laramie,
2025 Ram Promaster Cargo Van Tradesman,
2025 Ram 3500 Laramie,
2025 Ram 2500 Tradesman,
2025 Ram 2500 Tradesman,
2025 Ram 2500 Laramie,
2025 Jeep Compass Sport,
2025 Chrysler Pacifica Select,
2025 Dodge Hornet GT,
2025 Dodge Hornet GT,"$33,585"
2025 Dodge Hornet GT,"$34,080"
2025 Jeep Gladiator SPORT S 4X4,"$47,585"
2025 Jeep Gladiator SPORT S 4X4,
2025 Jeep Wrangler 2-DOOR WILLYS,
2025 Jeep Gladiator WILLYS 4X4,
2025 Jeep Gladiator WILLYS 4X4,
2025 Jeep Gladiator WILLYS 4X4,
2025 Jeep Grand Cherokee LIMITED 4X4,
2025 Jeep Grand Cherokee LIMITED 4X4,
2025 Ram ProMaster PROMASTER 1500 TRADESMAN CARGO VAN HIGH ROOF 136',
2025 Ram ProMaster PROMASTER 1500 TRADESMAN CARGO VAN HIGH ROOF 136',
2025 Ram 2500 TRADESMAN CREW CAB 4X4 8' BOX,
2025 Ram 1500 WARLOCK CREW CAB 4X4 5'7 BOX,
2025 Jeep Gladiator RUBICON X 4X4,
2025 Jeep Wagoneer S LIMITED,
2025 Jeep Wagoneer S LIMITED,
2025 Ram 2500 TRADESMAN CREW CAB 4X4 6'4 BOX,
2025 Ram 3500 Chassis Cab 3500 TRADESMAN CREW CAB CHASSIS 4X4 60' CA,"$72,110"
2025 Ram 3500 Chassis Cab 3500 TRADESMAN CREW CAB CHASSIS 4X4 60' CA,"$72,110"
2025 Ram 1500 LARAMIE CREW CAB 4X4 5'7 BOX,"$73,760"
2025 Ram 1500 REBEL CREW CAB 4X4 5'7 BOX,
2025 Ram 3500 Big Horn,
2025 Ram 3500 BIG HORN CREW CAB 4X4 8' BOX,
2025 Jeep Wagoneer L CARBIDE 4X4,
2025 Ram 2500 LARAMIE CREW CAB 4X4 6'4 BOX,
2025 Ram 2500 REBEL CREW CAB 4X4 6'4 BOX,
2025 Ram 1500 TUNGSTEN CREW CAB 4X4 5'7 BOX,
2025 Ram 1500 WARLOCK CREW CAB 4X4 5'7 BOX,
2025 Ram 2500 POWER WAGON CREW CAB 4X4 6'4 BOX,
2025 Ram 2500 POWER WAGON CREW CAB 4X4 6'4 BOX,
2025 Ram 3500 LARAMIE CREW CAB 4X4 8' BOX,
2025 Ram 1500 WARLOCK CREW CAB 4X4 5'7 BOX,
2025 Jeep Wrangler 2-DOOR SPORT,
2025 Jeep Wrangler 4-DOOR SAHARA,
